PROVPLATS_ID,NAMN_PROVPLATS,PROV_KOD_ORIGINAL,PROVTAG_SYFTE,PROVPLATS_MILJO,PROVPLATS_TYP,PROVTAG_DAT,PROVTAG_ORG,ACKR_PROV,PLATTFORM,PROVTAG_MET,DIREKT_BEHA
00103839,Bolmen,C1967/08001-08010,NMO,SJO-SOTV-RINN,Bakgrund,1967-04-02,NRM,Nej,SMABAT,Natfiske,FRYST
00103839,Bolmen,C1967/08001,NMO,SJO-SOTV-RINN,Bakgrund,1967-04-02,NRM,Nej,SMABAT,Natfiske,FRYST
00103839,Bolmen,C1967/08002,NMO,SJO-SOTV-RINN,Bakgrund,1967-04-02,NRM,Nej,SMABAT,Natfiske,FRYST
00103839,Bolmen,C1967/08003,NMO,SJO-SOTV-RINN,Bakgrund,1967-04-02,NRM,Nej,SMABAT,Natfiske,FRYST
00103839,Bolmen,C1967/08004,NMO,SJO-SOTV-RINN,Bakgrund,1967-04-02,NRM,Nej,SMABAT,Natfiske,FRYST
00103839,Bolmen,C1967/08005,NMO,SJO-SOTV-RINN,Bakgrund,1967-04-02,NRM,Nej,SMABAT,Natfiske,FRYST
00103839,Bolmen,C1967/08006,NMO,SJO-SOTV-RINN,Bakgrund,1967-04-02,NRM,Nej,SMABAT,Natfiske,FRYST
00103839,Bolmen,C1967/08007,NMO,SJO-SOTV-RINN,Bakgrund,1967-04-02,NRM,Nej,SMABAT,Natfiske,FRYST
00103839,Bolmen,C1967/08008,NMO,SJO-SOTV-RINN,Bakgrund,1967-04-02,NRM,Nej,SMABAT,Natfiske,FRYST
00103839,Bolmen,C1967/08009,NMO,SJO-SOTV-RINN,Bakgrund,1967-04-02,NRM,Nej,SMABAT,Natfiske,FRYST
00103839,Bolmen,C1967/08010,NMO,SJO-SOTV-RINN,Bakgrund,1967-04-02,NRM,Nej,SMABAT,Natfiske,FRYST
00103839,Bolmen,C68/,NMO,SJO-SOTV-RINN,Bakgrund,1968-04,NRM,Nej,SMABAT,Natfiske,FRYST
00103839,Bolmen,C1968/08015,NMO,SJO-SOTV-RINN,Bakgrund,1968-04,NRM,Nej,SMABAT,Natfiske,FRYST
00103839,Bolmen,C1968/08016,NMO,SJO-SOTV-RINN,Bakgrund,1968-04,NRM,Nej,SMABAT,Natfiske,FRYST
00103839,Bolmen,C1968/08017,NMO,SJO-SOTV-RINN,Bakgrund,1968-04,NRM,Nej,SMABAT,Natfiske,FRYST
00103839,Bolmen,C1968/08018,NMO,SJO-SOTV-RINN,Bakgrund,1968-04,NRM,Nej,SMABAT,Natfiske,FRYST
00103839,Bolmen,C1968/08019,NMO,SJO-SOTV-RINN,Bakgrund,1968-04,NRM,Nej,SMABAT,Natfiske,FRYST
00103839,Bolmen,C1968/08020,NMO,SJO-SOTV-RINN,Bakgrund,1968-04,NRM,Nej,SMABAT,Natfiske,FRYST
00103839,Bolmen,C1968/08021,NMO,SJO-SOTV-RINN,Bakgrund,1968-04,NRM,Nej,SMABAT,Natfiske,FRYST
00103839,Bolmen,C1968/08022,NMO,SJO-SOTV-RINN,Bakgrund,1968-04,NRM,Nej,SMABAT,Natfiske,FRYST
00103839,Bolmen,C1968/08023,NMO,SJO-SOTV-RINN,Bakgrund,1968-04,NRM,Nej,SMABAT,Natfiske,FRYST
00103839,Bolmen,C1968/08024,NMO,SJO-SOTV-RINN,Bakgrund,1968-04,NRM,Nej,SMABAT,Natfiske,FRYST
00105985,Storvindeln,C1968/08001,NMO,SJO-SOTV-RINN,Bakgrund,1968-08-27,NRM,Nej,SMABAT,Natfiske,FRYST
00105985,Storvindeln,C1968/08002,NMO,SJO-SOTV-RINN,Bakgrund,1968-08-27,NRM,Nej,SMABAT,Natfiske,FRYST
00105985,Storvindeln,C1968/08003,NMO,SJO-SOTV-RINN,Bakgrund,1968-08-28,NRM,Nej,SMABAT,Natfiske,FRYST
00105985,Storvindeln,C1968/08004,NMO,SJO-SOTV-RINN,Bakgrund,1968-10-30,NRM,Nej,SMABAT,Natfiske,FRYST
00105985,Storvindeln,C1968/08005,NMO,SJO-SOTV-RINN,Bakgrund,1968-11-10,NRM,Nej,SMABAT,Natfiske,FRYST
00105985,Storvindeln,C1968/08006,NMO,SJO-SOTV-RINN,Bakgrund,1968-11-16,NRM,Nej,SMABAT,Natfiske,FRYST
00105985,Storvindeln,C1968/08007,NMO,SJO-SOTV-RINN,Bakgrund,1968-08-12,NRM,Nej,SMABAT,Natfiske,FRYST
00105985,Storvindeln,C1968/08008,NMO,SJO-SOTV-RINN,Bakgrund,1968-08-12,NRM,Nej,SMABAT,Natfiske,FRYST
00105985,Storvindeln,C1968/08009,NMO,SJO-SOTV-RINN,Bakgrund,1968-08-12,NRM,Nej,SMABAT,Natfiske,FRYST
00105985,Storvindeln,C1968/08010,NMO,SJO-SOTV-RINN,Bakgrund,1968-08-12,NRM,Nej,SMABAT,Natfiske,FRYST
00105985,Storvindeln,C1968/08011,NMO,SJO-SOTV-RINN,Bakgrund,1968-08-12,NRM,Nej,SMABAT,Natfiske,FRYST
00105985,Storvindeln,C1968/08012,NMO,SJO-SOTV-RINN,Bakgrund,1968-08-12,NRM,Nej,SMABAT,Natfiske,FRYST
00105985,Storvindeln,C1968/08013,NMO,SJO-SOTV-RINN,Bakgrund,1968-08-12,NRM,Nej,SMABAT,Natfiske,FRYST
00105985,Storvindeln,C1968/08014,NMO,SJO-SOTV-RINN,Bakgrund,1968-08-12,NRM,Nej,SMABAT,Natfiske,FRYST
00103839,Bolmen,C1968/08015-08024,NMO,SJO-SOTV-RINN,Bakgrund,1968-03-24,NRM,Nej,SMABAT,Natfiske,FRYST
00105985,Storvindeln,C1968/08005-08014,NMO,SJO-SOTV-RINN,Bakgrund,1968-08-12,NRM,Nej,SMABAT,Natfiske,FRYST
00103839,Bolmen,C1969/08042,NMO,SJO-SOTV-RINN,Bakgrund,1969-05,NRM,Nej,SMABAT,Natfiske,FRYST
00103839,Bolmen,C1969/08043,NMO,SJO-SOTV-RINN,Bakgrund,1969-05,NRM,Nej,SMABAT,Natfiske,FRYST
00103839,Bolmen,C1969/08044,NMO,SJO-SOTV-RINN,Bakgrund,1969-05,NRM,Nej,SMABAT,Natfiske,FRYST
00103839,Bolmen,C1969/08045,NMO,SJO-SOTV-RINN,Bakgrund,1969-05,NRM,Nej,SMABAT,Natfiske,FRYST
00103839,Bolmen,C1969/08046,NMO,SJO-SOTV-RINN,Bakgrund,1969-05,NRM,Nej,SMABAT,Natfiske,FRYST
00103839,Bolmen,C1969/08047,NMO,SJO-SOTV-RINN,Bakgrund,1969-05,NRM,Nej,SMABAT,Natfiske,FRYST
00103839,Bolmen,C1969/08048,NMO,SJO-SOTV-RINN,Bakgrund,1969-05,NRM,Nej,SMABAT,Natfiske,FRYST
00103839,Bolmen,C1969/08049,NMO,SJO-SOTV-RINN,Bakgrund,1969-05,NRM,Nej,SMABAT,Natfiske,FRYST
00103839,Bolmen,C1969/08050,NMO,SJO-SOTV-RINN,Bakgrund,1969-05,NRM,Nej,SMABAT,Natfiske,FRYST
00103839,Bolmen,C1969/08051,NMO,SJO-SOTV-RINN,Bakgrund,1969-05,NRM,Nej,SMABAT,Natfiske,FRYST
00103839,Bolmen,C1969/08052,NMO,SJO-SOTV-RINN,Bakgrund,1969-05,NRM,Nej,SMABAT,Natfiske,FRYST
00103839,Bolmen,C1969/08053,NMO,SJO-SOTV-RINN,Bakgrund,1969-05,NRM,Nej,SMABAT,Natfiske,FRYST
00103839,Bolmen,C1969/08054,NMO,SJO-SOTV-RINN,Bakgrund,1969-05,NRM,Nej,SMABAT,Natfiske,FRYST
00103839,Bolmen,C1969/08055,NMO,SJO-SOTV-RINN,Bakgrund,1969-05,NRM,Nej,SMABAT,Natfiske,FRYST
00103839,Bolmen,C1969/08056,NMO,SJO-SOTV-RINN,Bakgrund,1969-05,NRM,Nej,SMABAT,Natfiske,FRYST
00103839,Bolmen,C69/,NMO,SJO-SOTV-RINN,Bakgrund,1969-04,NRM,Nej,SMABAT,Natfiske,FRYST
00103839,Bolmen,C1969/08027,NMO,SJO-SOTV-RINN,Bakgrund,1969-04,NRM,Nej,SMABAT,Natfiske,FRYST
00103839,Bolmen,C1969/08028,NMO,SJO-SOTV-RINN,Bakgrund,1969-04,NRM,Nej,SMABAT,Natfiske,FRYST
00103839,Bolmen,C1969/08029,NMO,SJO-SOTV-RINN,Bakgrund,1969-04,NRM,Nej,SMABAT,Natfiske,FRYST
00103839,Bolmen,C1969/08030,NMO,SJO-SOTV-RINN,Bakgrund,1969-04,NRM,Nej,SMABAT,Natfiske,FRYST
00103839,Bolmen,C1969/08031,NMO,SJO-SOTV-RINN,Bakgrund,1969-04,NRM,Nej,SMABAT,Natfiske,FRYST
00103839,Bolmen,C1969/08032,NMO,SJO-SOTV-RINN,Bakgrund,1969-04,NRM,Nej,SMABAT,Natfiske,FRYST
00103839,Bolmen,C1969/08033,NMO,SJO-SOTV-RINN,Bakgrund,1969-04,NRM,Nej,SMABAT,Natfiske,FRYST
00103839,Bolmen,C1969/08034,NMO,SJO-SOTV-RINN,Bakgrund,1969-04,NRM,Nej,SMABAT,Natfiske,FRYST
00103839,Bolmen,C1969/08035,NMO,SJO-SOTV-RINN,Bakgrund,1969-04,NRM,Nej,SMABAT,Natfiske,FRYST
00103839,Bolmen,C1969/08036,NMO,SJO-SOTV-RINN,Bakgrund,1969-04,NRM,Nej,SMABAT,Natfiske,FRYST
00103839,Bolmen,C1969/08037,NMO,SJO-SOTV-RINN,Bakgrund,1969-05,NRM,Nej,SMABAT,Natfiske,FRYST
00103839,Bolmen,C1969/08038,NMO,SJO-SOTV-RINN,Bakgrund,1969-05,NRM,Nej,SMABAT,Natfiske,FRYST
00103839,Bolmen,C1969/08039,NMO,SJO-SOTV-RINN,Bakgrund,1969-05,NRM,Nej,SMABAT,Natfiske,FRYST
00105985,Storvindeln,C1969/08001,NMO,SJO-SOTV-RINN,Bakgrund,1969-09-11,NRM,Nej,SMABAT,Natfiske,FRYST
00105985,Storvindeln,C1969/08002,NMO,SJO-SOTV-RINN,Bakgrund,1969-09-11,NRM,Nej,SMABAT,Natfiske,FRYST
00105985,Storvindeln,C1969/08003,NMO,SJO-SOTV-RINN,Bakgrund,1969-09-11,NRM,Nej,SMABAT,Natfiske,FRYST
00105985,Storvindeln,C1969/08004,NMO,SJO-SOTV-RINN,Bakgrund,1969-09-11,NRM,Nej,SMABAT,Natfiske,FRYST
00105985,Storvindeln,C1969/08005,NMO,SJO-SOTV-RINN,Bakgrund,1969-09-11,NRM,Nej,SMABAT,Natfiske,FRYST
00105985,Storvindeln,C1969/08006,NMO,SJO-SOTV-RINN,Bakgrund,1969-07,NRM,Nej,SMABAT,Natfiske,FRYST
00105985,Storvindeln,C1969/08007,NMO,SJO-SOTV-RINN,Bakgrund,1969-07,NRM,Nej,SMABAT,Natfiske,FRYST
00105985,Storvindeln,C1969/08008,NMO,SJO-SOTV-RINN,Bakgrund,1969-07-21,NRM,Nej,SMABAT,Natfiske,FRYST
00105985,Storvindeln,C1969/08009,NMO,SJO-SOTV-RINN,Bakgrund,1969-07,NRM,Nej,SMABAT,Natfiske,FRYST
00105985,Storvindeln,C1969/08010,NMO,SJO-SOTV-RINN,Bakgrund,1969-07-26,NRM,Nej,SMABAT,Natfiske,FRYST
00105985,Storvindeln,C1969/08011,NMO,SJO-SOTV-RINN,Bakgrund,1969-07,NRM,Nej,SMABAT,Natfiske,FRYST
00105985,Storvindeln,C1969/08012,NMO,SJO-SOTV-RINN,Bakgrund,1969-07,NRM,Nej,SMABAT,Natfiske,FRYST
00105985,Storvindeln,C1969/08013,NMO,SJO-SOTV-RINN,Bakgrund,1969-07,NRM,Nej,SMABAT,Natfiske,FRYST
00105985,Storvindeln,C1969/08014,NMO,SJO-SOTV-RINN,Bakgrund,1969-07,NRM,Nej,SMABAT,Natfiske,FRYST
00105985,Storvindeln,C1969/08015,NMO,SJO-SOTV-RINN,Bakgrund,1969-07-21,NRM,Nej,SMABAT,Natfiske,FRYST
00105985,Storvindeln,C1969/08016,NMO,SJO-SOTV-RINN,Bakgrund,1969-07,NRM,Nej,SMABAT,Natfiske,FRYST
00105985,Storvindeln,C1969/08017,NMO,SJO-SOTV-RINN,Bakgrund,1969-07,NRM,Nej,SMABAT,Natfiske,FRYST
00105985,Storvindeln,C1969/08018,NMO,SJO-SOTV-RINN,Bakgrund,1969-07,NRM,Nej,SMABAT,Natfiske,FRYST
00105985,Storvindeln,C1969/08019,NMO,SJO-SOTV-RINN,Bakgrund,1969-07,NRM,Nej,SMABAT,Natfiske,FRYST
00105985,Storvindeln,C1969/08020,NMO,SJO-SOTV-RINN,Bakgrund,1969-07,NRM,Nej,SMABAT,Natfiske,FRYST
00105985,Storvindeln,C1969/08021,NMO,SJO-SOTV-RINN,Bakgrund,1969-07,NRM,Nej,SMABAT,Natfiske,FRYST
00105985,Storvindeln,C1969/08022,NMO,SJO-SOTV-RINN,Bakgrund,1969-07,NRM,Nej,SMABAT,Natfiske,FRYST
00105985,Storvindeln,C1969/08023,NMO,SJO-SOTV-RINN,Bakgrund,1969-07,NRM,Nej,SMABAT,Natfiske,FRYST
00105985,Storvindeln,C1969/08024,NMO,SJO-SOTV-RINN,Bakgrund,1969-07,NRM,Nej,SMABAT,Natfiske,FRYST
00105985,Storvindeln,C1969/08025,NMO,SJO-SOTV-RINN,Bakgrund,1969-07,NRM,Nej,SMABAT,Natfiske,FRYST
00105985,Storvindeln,C1969/08026,NMO,SJO-SOTV-RINN,Bakgrund,1969-07,NRM,Nej,SMABAT,Natfiske,FRYST
00103839,Bolmen,C1969/08040,NMO,SJO-SOTV-RINN,Bakgrund,1969-05,NRM,Nej,SMABAT,Natfiske,FRYST
00103839,Bolmen,C1969/08041,NMO,SJO-SOTV-RINN,Bakgrund,1969-05,NRM,Nej,SMABAT,Natfiske,FRYST
00105985,Storvindeln,C1969/08003-08012,NMO,SJO-SOTV-RINN,Bakgrund,1969-01-07,NRM,Nej,SMABAT,Natfiske,FRYST
00103839,Bolmen,C1970/08062,NMO,SJO-SOTV-RINN,Bakgrund,1970-05,NRM,Nej,SMABAT,Natfiske,FRYST
00103839,Bolmen,C1970/08063,NMO,SJO-SOTV-RINN,Bakgrund,1970-05,NRM,Nej,SMABAT,Natfiske,FRYST
00103839,Bolmen,C1970/08049,NMO,SJO-SOTV-RINN,Bakgrund,1970-05,NRM,Nej,SMABAT,Natfiske,FRYST
00103839,Bolmen,C1970/08050,NMO,SJO-SOTV-RINN,Bakgrund,1970-05,NRM,Nej,SMABAT,Natfiske,FRYST
00103839,Bolmen,C1970/08051,NMO,SJO-SOTV-RINN,Bakgrund,1970-05,NRM,Nej,SMABAT,Natfiske,FRYST
00103839,Bolmen,C1970/08052,NMO,SJO-SOTV-RINN,Bakgrund,1970-05,NRM,Nej,SMABAT,Natfiske,FRYST
00103839,Bolmen,C1970/08053,NMO,SJO-SOTV-RINN,Bakgrund,1970-05,NRM,Nej,SMABAT,Natfiske,FRYST
00103839,Bolmen,C1970/08054,NMO,SJO-SOTV-RINN,Bakgrund,1970-05,NRM,Nej,SMABAT,Natfiske,FRYST
00103839,Bolmen,C1970/08055,NMO,SJO-SOTV-RINN,Bakgrund,1970-05,NRM,Nej,SMABAT,Natfiske,FRYST
00103839,Bolmen,C1970/08056,NMO,SJO-SOTV-RINN,Bakgrund,1970-05,NRM,Nej,SMABAT,Natfiske,FRYST
00103839,Bolmen,C1970/08057,NMO,SJO-SOTV-RINN,Bakgrund,1970-05,NRM,Nej,SMABAT,Natfiske,FRYST
00103839,Bolmen,C1970/08058,NMO,SJO-SOTV-RINN,Bakgrund,1970-05,NRM,Nej,SMABAT,Natfiske,FRYST
00105985,Storvindeln,C1970/08039,NMO,SJO-SOTV-RINN,Bakgrund,NA,NRM,Nej,SMABAT,Natfiske,FRYST
00105985,Storvindeln,C1970/08040,NMO,SJO-SOTV-RINN,Bakgrund,NA,NRM,Nej,SMABAT,Natfiske,FRYST
00105985,Storvindeln,C1970/08041,NMO,SJO-SOTV-RINN,Bakgrund,NA,NRM,Nej,SMABAT,Natfiske,FRYST
00105985,Storvindeln,C1970/08042,NMO,SJO-SOTV-RINN,Bakgrund,NA,NRM,Nej,SMABAT,Natfiske,FRYST
00105985,Storvindeln,C1970/08043,NMO,SJO-SOTV-RINN,Bakgrund,NA,NRM,Nej,SMABAT,Natfiske,FRYST
00105985,Storvindeln,C1970/08044,NMO,SJO-SOTV-RINN,Bakgrund,NA,NRM,Nej,SMABAT,Natfiske,FRYST
00105985,Storvindeln,C1970/08045,NMO,SJO-SOTV-RINN,Bakgrund,NA,NRM,Nej,SMABAT,Natfiske,FRYST
00105985,Storvindeln,C1970/08046,NMO,SJO-SOTV-RINN,Bakgrund,1970-06-04,NRM,Nej,SMABAT,Natfiske,FRYST
00105985,Storvindeln,C1970/08047,NMO,SJO-SOTV-RINN,Bakgrund,1970-06-05,NRM,Nej,SMABAT,Natfiske,FRYST
00105985,Storvindeln,C1970/08048,NMO,SJO-SOTV-RINN,Bakgrund,1970-06,NRM,Nej,SMABAT,Natfiske,FRYST
00105985,Storvindeln,C1970/08001,NMO,SJO-SOTV-RINN,Bakgrund,1970-06-04,NRM,Nej,SMABAT,Natfiske,FRYST
00105985,Storvindeln,C1970/08002,NMO,SJO-SOTV-RINN,Bakgrund,1970-06,NRM,Nej,SMABAT,Natfiske,FRYST
00105985,Storvindeln,C1970/08003,NMO,SJO-SOTV-RINN,Bakgrund,1970-06-03,NRM,Nej,SMABAT,Natfiske,FRYST
00105985,Storvindeln,C1970/08004,NMO,SJO-SOTV-RINN,Bakgrund,1970-06-11,NRM,Nej,SMABAT,Natfiske,FRYST
00105985,Storvindeln,C1970/08005,NMO,SJO-SOTV-RINN,Bakgrund,1970-06-04,NRM,Nej,SMABAT,Natfiske,FRYST
00105985,Storvindeln,C1970/08006,NMO,SJO-SOTV-RINN,Bakgrund,1970-06-03,NRM,Nej,SMABAT,Natfiske,FRYST
00105985,Storvindeln,C1970/08007,NMO,SJO-SOTV-RINN,Bakgrund,1970-06-05,NRM,Nej,SMABAT,Natfiske,FRYST
00105985,Storvindeln,C1970/08008,NMO,SJO-SOTV-RINN,Bakgrund,1970-06-03,NRM,Nej,SMABAT,Natfiske,FRYST
00105985,Storvindeln,C1970/08009,NMO,SJO-SOTV-RINN,Bakgrund,1970-06,NRM,Nej,SMABAT,Natfiske,FRYST
00105985,Storvindeln,C1970/08010,NMO,SJO-SOTV-RINN,Bakgrund,1970-06,NRM,Nej,SMABAT,Natfiske,FRYST
00105985,Storvindeln,C1970/08011,NMO,SJO-SOTV-RINN,Bakgrund,1970-06,NRM,Nej,SMABAT,Natfiske,FRYST
00105985,Storvindeln,C1970/08012,NMO,SJO-SOTV-RINN,Bakgrund,1970-06,NRM,Nej,SMABAT,Natfiske,FRYST
00105985,Storvindeln,C1970/08013,NMO,SJO-SOTV-RINN,Bakgrund,1970-06,NRM,Nej,SMABAT,Natfiske,FRYST
00105985,Storvindeln,C1970/08014,NMO,SJO-SOTV-RINN,Bakgrund,1970-06,NRM,Nej,SMABAT,Natfiske,FRYST
00105985,Storvindeln,C1970/08015,NMO,SJO-SOTV-RINN,Bakgrund,1970-06,NRM,Nej,SMABAT,Natfiske,FRYST
00105985,Storvindeln,C1970/08016,NMO,SJO-SOTV-RINN,Bakgrund,1970-06,NRM,Nej,SMABAT,Natfiske,FRYST
00105985,Storvindeln,C1970/08017,NMO,SJO-SOTV-RINN,Bakgrund,1970-06,NRM,Nej,SMABAT,Natfiske,FRYST
00105985,Storvindeln,C1970/08018,NMO,SJO-SOTV-RINN,Bakgrund,1970-06,NRM,Nej,SMABAT,Natfiske,FRYST
00105985,Storvindeln,C1970/08019,NMO,SJO-SOTV-RINN,Bakgrund,1970-06,NRM,Nej,SMABAT,Natfiske,FRYST
00105985,Storvindeln,C1970/08020,NMO,SJO-SOTV-RINN,Bakgrund,1970-06,NRM,Nej,SMABAT,Natfiske,FRYST
00105985,Storvindeln,C1970/08021,NMO,SJO-SOTV-RINN,Bakgrund,1970-06,NRM,Nej,SMABAT,Natfiske,FRYST
00105985,Storvindeln,C1970/08022,NMO,SJO-SOTV-RINN,Bakgrund,1970-06,NRM,Nej,SMABAT,Natfiske,FRYST
00105985,Storvindeln,C1970/08023,NMO,SJO-SOTV-RINN,Bakgrund,1970-06,NRM,Nej,SMABAT,Natfiske,FRYST
00105985,Storvindeln,C1970/08024,NMO,SJO-SOTV-RINN,Bakgrund,1970-10,NRM,Nej,SMABAT,Natfiske,FRYST
00105985,Storvindeln,C1970/08025,NMO,SJO-SOTV-RINN,Bakgrund,1970-10,NRM,Nej,SMABAT,Natfiske,FRYST
00105985,Storvindeln,C1970/08026,NMO,SJO-SOTV-RINN,Bakgrund,1970-10,NRM,Nej,SMABAT,Natfiske,FRYST
00105985,Storvindeln,C1970/08027,NMO,SJO-SOTV-RINN,Bakgrund,1970-10,NRM,Nej,SMABAT,Natfiske,FRYST
00105985,Storvindeln,C1970/08028,NMO,SJO-SOTV-RINN,Bakgrund,1970-10,NRM,Nej,SMABAT,Natfiske,FRYST
00105985,Storvindeln,C1970/08029,NMO,SJO-SOTV-RINN,Bakgrund,1970-10,NRM,Nej,SMABAT,Natfiske,FRYST
00105985,Storvindeln,C1970/08030,NMO,SJO-SOTV-RINN,Bakgrund,1970-10,NRM,Nej,SMABAT,Natfiske,FRYST
00105985,Storvindeln,C1970/08031,NMO,SJO-SOTV-RINN,Bakgrund,1970-10,NRM,Nej,SMABAT,Natfiske,FRYST
00105985,Storvindeln,C1970/08032,NMO,SJO-SOTV-RINN,Bakgrund,1970-10,NRM,Nej,SMABAT,Natfiske,FRYST
00105985,Storvindeln,C1970/08033,NMO,SJO-SOTV-RINN,Bakgrund,1970-10,NRM,Nej,SMABAT,Natfiske,FRYST
00105985,Storvindeln,C1970/08034,NMO,SJO-SOTV-RINN,Bakgrund,1970-10,NRM,Nej,SMABAT,Natfiske,FRYST
00105985,Storvindeln,C1970/08035,NMO,SJO-SOTV-RINN,Bakgrund,1970-10,NRM,Nej,SMABAT,Natfiske,FRYST
00105985,Storvindeln,C1970/08036,NMO,SJO-SOTV-RINN,Bakgrund,1970-10,NRM,Nej,SMABAT,Natfiske,FRYST
00105985,Storvindeln,C1970/08037,NMO,SJO-SOTV-RINN,Bakgrund,1970-10,NRM,Nej,SMABAT,Natfiske,FRYST
00105985,Storvindeln,C1970/08038,NMO,SJO-SOTV-RINN,Bakgrund,1970-10,NRM,Nej,SMABAT,Natfiske,FRYST
00105985,Storvindeln,C1971/08046,NMO,SJO-SOTV-RINN,Bakgrund,1970-12-19,NRM,Nej,SMABAT,Natfiske,FRYST
00105985,Storvindeln,C1971/08048,NMO,SJO-SOTV-RINN,Bakgrund,1970-12-19,NRM,Nej,SMABAT,Natfiske,FRYST
00105985,Storvindeln,C1971/08050,NMO,SJO-SOTV-RINN,Bakgrund,1970-12-20,NRM,Nej,SMABAT,Natfiske,FRYST
00105985,Storvindeln,C1971/08054,NMO,SJO-SOTV-RINN,Bakgrund,1970-12-24,NRM,Nej,SMABAT,Natfiske,FRYST
00103839,Bolmen,C1970/08059,NMO,SJO-SOTV-RINN,Bakgrund,1970-05,NRM,Nej,SMABAT,Natfiske,FRYST
00103839,Bolmen,C1970/08060,NMO,SJO-SOTV-RINN,Bakgrund,1970-05,NRM,Nej,SMABAT,Natfiske,FRYST
00103839,Bolmen,C1970/08061,NMO,SJO-SOTV-RINN,Bakgrund,1970-05,NRM,Nej,SMABAT,Natfiske,FRYST
00105985,Storvindeln,C1970/08064-08073,NMO,SJO-SOTV-RINN,Bakgrund,1970-06-03,NRM,Nej,SMABAT,Natfiske,FRYST
00103839,Bolmen,C1970/08074-08083,NMO,SJO-SOTV-RINN,Bakgrund,1970,NRM,Nej,SMABAT,Natfiske,FRYST
00103839,Bolmen,C1971/08062,NMO,SJO-SOTV-RINN,Bakgrund,1971-05,NRM,Nej,SMABAT,Natfiske,FRYST
00103839,Bolmen,C1971/08063,NMO,SJO-SOTV-RINN,Bakgrund,1971-05,NRM,Nej,SMABAT,Natfiske,FRYST
00103839,Bolmen,C1971/08064,NMO,SJO-SOTV-RINN,Bakgrund,1971-05,NRM,Nej,SMABAT,Natfiske,FRYST
00103839,Bolmen,C1971/08055,NMO,SJO-SOTV-RINN,Bakgrund,1971-05,NRM,Nej,SMABAT,Natfiske,FRYST
00103839,Bolmen,C1971/08056,NMO,SJO-SOTV-RINN,Bakgrund,1971-05,NRM,Nej,SMABAT,Natfiske,FRYST
00105985,Storvindeln,C1971/08001,NMO,SJO-SOTV-RINN,Bakgrund,1971-06-01,NRM,Nej,SMABAT,Natfiske,FRYST
00105985,Storvindeln,C1971/08002,NMO,SJO-SOTV-RINN,Bakgrund,1971-05-24,NRM,Nej,SMABAT,Natfiske,FRYST
00105985,Storvindeln,C1971/08003,NMO,SJO-SOTV-RINN,Bakgrund,1971-05-28,NRM,Nej,SMABAT,Natfiske,FRYST
00105985,Storvindeln,C1971/08004,NMO,SJO-SOTV-RINN,Bakgrund,1971-06-03,NRM,Nej,SMABAT,Natfiske,FRYST
00105985,Storvindeln,C1971/08005,NMO,SJO-SOTV-RINN,Bakgrund,1971-05-24,NRM,Nej,SMABAT,Natfiske,FRYST
00105985,Storvindeln,C1971/08006,NMO,SJO-SOTV-RINN,Bakgrund,1971-05-24,NRM,Nej,SMABAT,Natfiske,FRYST
00105985,Storvindeln,C1971/08007,NMO,SJO-SOTV-RINN,Bakgrund,1971-05-28,NRM,Nej,SMABAT,Natfiske,FRYST
00105985,Storvindeln,C1971/08008,NMO,SJO-SOTV-RINN,Bakgrund,1971-06-03,NRM,Nej,SMABAT,Natfiske,FRYST
00105985,Storvindeln,C1971/08009,NMO,SJO-SOTV-RINN,Bakgrund,1971-05,NRM,Nej,SMABAT,Natfiske,FRYST
00105985,Storvindeln,C1971/08010,NMO,SJO-SOTV-RINN,Bakgrund,1971-05-24,NRM,Nej,SMABAT,Natfiske,FRYST
00105985,Storvindeln,C1971/08011,NMO,SJO-SOTV-RINN,Bakgrund,1971-05,NRM,Nej,SMABAT,Natfiske,FRYST
00105985,Storvindeln,C1971/08012,NMO,SJO-SOTV-RINN,Bakgrund,1971-05,NRM,Nej,SMABAT,Natfiske,FRYST
00105985,Storvindeln,C1971/08013,NMO,SJO-SOTV-RINN,Bakgrund,1971-05,NRM,Nej,SMABAT,Natfiske,FRYST
00105985,Storvindeln,C1971/08014,NMO,SJO-SOTV-RINN,Bakgrund,1971-05,NRM,Nej,SMABAT,Natfiske,FRYST
00105985,Storvindeln,C1971/08015,NMO,SJO-SOTV-RINN,Bakgrund,1971-05,NRM,Nej,SMABAT,Natfiske,FRYST
00105985,Storvindeln,C1971/08016,NMO,SJO-SOTV-RINN,Bakgrund,1971-05,NRM,Nej,SMABAT,Natfiske,FRYST
00105985,Storvindeln,C1971/08017,NMO,SJO-SOTV-RINN,Bakgrund,1971-05,NRM,Nej,SMABAT,Natfiske,FRYST
00105985,Storvindeln,C1971/08018,NMO,SJO-SOTV-RINN,Bakgrund,1971-05,NRM,Nej,SMABAT,Natfiske,FRYST
00105985,Storvindeln,C1971/08019,NMO,SJO-SOTV-RINN,Bakgrund,1971-05,NRM,Nej,SMABAT,Natfiske,FRYST
00105985,Storvindeln,C1971/08020,NMO,SJO-SOTV-RINN,Bakgrund,1971-05,NRM,Nej,SMABAT,Natfiske,FRYST
00105985,Storvindeln,C1971/08021,NMO,SJO-SOTV-RINN,Bakgrund,1971-05,NRM,Nej,SMABAT,Natfiske,FRYST
00105985,Storvindeln,C1971/08022,NMO,SJO-SOTV-RINN,Bakgrund,1971-05,NRM,Nej,SMABAT,Natfiske,FRYST
00105985,Storvindeln,C1971/08023,NMO,SJO-SOTV-RINN,Bakgrund,1971-05,NRM,Nej,SMABAT,Natfiske,FRYST
00105985,Storvindeln,C1971/08024,NMO,SJO-SOTV-RINN,Bakgrund,1971-05,NRM,Nej,SMABAT,Natfiske,FRYST
00105985,Storvindeln,C1971/08025,NMO,SJO-SOTV-RINN,Bakgrund,1971-05,NRM,Nej,SMABAT,Natfiske,FRYST
00105985,Storvindeln,C1971/08026,NMO,SJO-SOTV-RINN,Bakgrund,1971-05,NRM,Nej,SMABAT,Natfiske,FRYST
00105985,Storvindeln,C1971/08027,NMO,SJO-SOTV-RINN,Bakgrund,1971-05,NRM,Nej,SMABAT,Natfiske,FRYST
00105985,Storvindeln,C1971/08028,NMO,SJO-SOTV-RINN,Bakgrund,1971-06,NRM,Nej,SMABAT,Natfiske,FRYST
00105985,Storvindeln,C1971/08029,NMO,SJO-SOTV-RINN,Bakgrund,1971-06,NRM,Nej,SMABAT,Natfiske,FRYST
00105985,Storvindeln,C1971/08030,NMO,SJO-SOTV-RINN,Bakgrund,1971-06,NRM,Nej,SMABAT,Natfiske,FRYST
00105985,Storvindeln,C1971/08031,NMO,SJO-SOTV-RINN,Bakgrund,1971-10-30,NRM,Nej,SMABAT,Natfiske,FRYST
00105985,Storvindeln,C1971/08032,NMO,SJO-SOTV-RINN,Bakgrund,1971-10-30,NRM,Nej,SMABAT,Natfiske,FRYST
00105985,Storvindeln,C1971/08033,NMO,SJO-SOTV-RINN,Bakgrund,1971-09-27,NRM,Nej,SMABAT,Natfiske,FRYST
00105985,Storvindeln,C1971/08034,NMO,SJO-SOTV-RINN,Bakgrund,1971-10-20,NRM,Nej,SMABAT,Natfiske,FRYST
00105985,Storvindeln,C1971/08035,NMO,SJO-SOTV-RINN,Bakgrund,1971-09-30,NRM,Nej,SMABAT,Natfiske,FRYST
00105985,Storvindeln,C1971/08036,NMO,SJO-SOTV-RINN,Bakgrund,1971-10-30,NRM,Nej,SMABAT,Natfiske,FRYST
00105985,Storvindeln,C1971/08037,NMO,SJO-SOTV-RINN,Bakgrund,1971-10-20,NRM,Nej,SMABAT,Natfiske,FRYST
00105985,Storvindeln,C1971/08038,NMO,SJO-SOTV-RINN,Bakgrund,1971-09-02,NRM,Nej,SMABAT,Natfiske,FRYST
00105985,Storvindeln,C1971/08039,NMO,SJO-SOTV-RINN,Bakgrund,1971-10-30,NRM,Nej,SMABAT,Natfiske,FRYST
00105985,Storvindeln,C1971/08040,NMO,SJO-SOTV-RINN,Bakgrund,1971-10-26,NRM,Nej,SMABAT,Natfiske,FRYST
00105985,Storvindeln,C1971/08041,NMO,SJO-SOTV-RINN,Bakgrund,1971-10-30,NRM,Nej,SMABAT,Natfiske,FRYST
00105985,Storvindeln,C1971/08042,NMO,SJO-SOTV-RINN,Bakgrund,1971-10-20,NRM,Nej,SMABAT,Natfiske,FRYST
00105985,Storvindeln,C1971/08043,NMO,SJO-SOTV-RINN,Bakgrund,1971-11-04,NRM,Nej,SMABAT,Natfiske,FRYST
00105985,Storvindeln,C1971/08044,NMO,SJO-SOTV-RINN,Bakgrund,1971-09-30,NRM,Nej,SMABAT,Natfiske,FRYST
00105985,Storvindeln,C1971/08045,NMO,SJO-SOTV-RINN,Bakgrund,1971-10-22,NRM,Nej,SMABAT,Natfiske,FRYST
00105985,Storvindeln,C1971/08047,NMO,SJO-SOTV-RINN,Bakgrund,1971-01-20,NRM,Nej,SMABAT,Natfiske,FRYST
00105985,Storvindeln,C1971/08049,NMO,SJO-SOTV-RINN,Bakgrund,1971-01-02,NRM,Nej,SMABAT,Natfiske,FRYST
00105985,Storvindeln,C1971/08051,NMO,SJO-SOTV-RINN,Bakgrund,1971-01-20,NRM,Nej,SMABAT,Natfiske,FRYST
00105985,Storvindeln,C1971/08052,NMO,SJO-SOTV-RINN,Bakgrund,1971-01-20,NRM,Nej,SMABAT,Natfiske,FRYST
00105985,Storvindeln,C1971/08053,NMO,SJO-SOTV-RINN,Bakgrund,1971-01-20,NRM,Nej,SMABAT,Natfiske,FRYST
00103839,Bolmen,C1971/08057,NMO,SJO-SOTV-RINN,Bakgrund,1971-05,NRM,Nej,SMABAT,Natfiske,FRYST
00103839,Bolmen,C1971/08058,NMO,SJO-SOTV-RINN,Bakgrund,1971-05,NRM,Nej,SMABAT,Natfiske,FRYST
00103839,Bolmen,C1971/08059,NMO,SJO-SOTV-RINN,Bakgrund,1971-05,NRM,Nej,SMABAT,Natfiske,FRYST
00103839,Bolmen,C1971/08060,NMO,SJO-SOTV-RINN,Bakgrund,1971-05,NRM,Nej,SMABAT,Natfiske,FRYST
00105985,Storvindeln,C1971/08011-08020,NMO,SJO-SOTV-RINN,Bakgrund,1971-05-16,NRM,Nej,SMABAT,Natfiske,FRYST
00103839,Bolmen,C1971/08061,NMO,SJO-SOTV-RINN,Bakgrund,1971-05,NRM,Nej,SMABAT,Natfiske,FRYST
00103839,Bolmen,C1971/08057-08067,NMO,SJO-SOTV-RINN,Bakgrund,1971-06-16,NRM,Nej,SMABAT,Natfiske,FRYST
00103839,Bolmen,C1972/08095,NMO,SJO-SOTV-RINN,Bakgrund,1972,NRM,Nej,SMABAT,Natfiske,FRYST
00103839,Bolmen,C1972/08081,NMO,SJO-SOTV-RINN,Bakgrund,1972,NRM,Nej,SMABAT,Natfiske,FRYST
00103839,Bolmen,C1972/08082,NMO,SJO-SOTV-RINN,Bakgrund,1972,NRM,Nej,SMABAT,Natfiske,FRYST
00103839,Bolmen,C1972/08083,NMO,SJO-SOTV-RINN,Bakgrund,1972,NRM,Nej,SMABAT,Natfiske,FRYST
00103839,Bolmen,C1972/08084,NMO,SJO-SOTV-RINN,Bakgrund,1972,NRM,Nej,SMABAT,Natfiske,FRYST
00103839,Bolmen,C1972/08085,NMO,SJO-SOTV-RINN,Bakgrund,1972,NRM,Nej,SMABAT,Natfiske,FRYST
00103839,Bolmen,C1972/08086,NMO,SJO-SOTV-RINN,Bakgrund,1972,NRM,Nej,SMABAT,Natfiske,FRYST
00103839,Bolmen,C1972/08087,NMO,SJO-SOTV-RINN,Bakgrund,1972,NRM,Nej,SMABAT,Natfiske,FRYST
00105985,Storvindeln,C1972/08051,NMO,SJO-SOTV-RINN,Bakgrund,1972-05-20,NRM,Nej,SMABAT,Natfiske,FRYST
00105985,Storvindeln,C1972/08052,NMO,SJO-SOTV-RINN,Bakgrund,1972-05-23,NRM,Nej,SMABAT,Natfiske,FRYST
00105985,Storvindeln,C1972/08053,NMO,SJO-SOTV-RINN,Bakgrund,1972-05-27,NRM,Nej,SMABAT,Natfiske,FRYST
00105985,Storvindeln,C1972/08054,NMO,SJO-SOTV-RINN,Bakgrund,1972-05-27,NRM,Nej,SMABAT,Natfiske,FRYST
00105985,Storvindeln,C1972/08055,NMO,SJO-SOTV-RINN,Bakgrund,1972-05,NRM,Nej,SMABAT,Natfiske,FRYST
00105985,Storvindeln,C1972/08056,NMO,SJO-SOTV-RINN,Bakgrund,1972-05-24,NRM,Nej,SMABAT,Natfiske,FRYST
00105985,Storvindeln,C1972/08057,NMO,SJO-SOTV-RINN,Bakgrund,1972-05-24,NRM,Nej,SMABAT,Natfiske,FRYST
00105985,Storvindeln,C1972/08058,NMO,SJO-SOTV-RINN,Bakgrund,1972-05-24,NRM,Nej,SMABAT,Natfiske,FRYST
00105985,Storvindeln,C1972/08059,NMO,SJO-SOTV-RINN,Bakgrund,1972-05-27,NRM,Nej,SMABAT,Natfiske,FRYST
00105985,Storvindeln,C1972/08060,NMO,SJO-SOTV-RINN,Bakgrund,1972-05-27,NRM,Nej,SMABAT,Natfiske,FRYST
00105985,Storvindeln,C1972/08061,NMO,SJO-SOTV-RINN,Bakgrund,1972-06-07,NRM,Nej,SMABAT,Natfiske,FRYST
00105985,Storvindeln,C1972/08062,NMO,SJO-SOTV-RINN,Bakgrund,1972-05-27,NRM,Nej,SMABAT,Natfiske,FRYST
00105985,Storvindeln,C1972/08063,NMO,SJO-SOTV-RINN,Bakgrund,1972-05-20,NRM,Nej,SMABAT,Natfiske,FRYST
00105985,Storvindeln,C1972/08064,NMO,SJO-SOTV-RINN,Bakgrund,1972-05-27,NRM,Nej,SMABAT,Natfiske,FRYST
00105985,Storvindeln,C1972/08065,NMO,SJO-SOTV-RINN,Bakgrund,1972-05-19,NRM,Nej,SMABAT,Natfiske,FRYST
00105985,Storvindeln,C1972/08066,NMO,SJO-SOTV-RINN,Bakgrund,1972-12,NRM,Nej,SMABAT,Natfiske,FRYST
00105985,Storvindeln,C1972/08067,NMO,SJO-SOTV-RINN,Bakgrund,1972-12-16,NRM,Nej,SMABAT,Natfiske,FRYST
00105985,Storvindeln,C1972/08068,NMO,SJO-SOTV-RINN,Bakgrund,1972-09-14,NRM,Nej,SMABAT,Natfiske,FRYST
00105985,Storvindeln,C1972/08069,NMO,SJO-SOTV-RINN,Bakgrund,1972-09-03,NRM,Nej,SMABAT,Natfiske,FRYST
00105985,Storvindeln,C1972/08070,NMO,SJO-SOTV-RINN,Bakgrund,1972-09-20,NRM,Nej,SMABAT,Natfiske,FRYST
00105985,Storvindeln,C1972/08071,NMO,SJO-SOTV-RINN,Bakgrund,1972-10-21,NRM,Nej,SMABAT,Natfiske,FRYST
00105985,Storvindeln,C1972/08072,NMO,SJO-SOTV-RINN,Bakgrund,1972-07-28,NRM,Nej,SMABAT,Natfiske,FRYST
00105985,Storvindeln,C1972/08073,NMO,SJO-SOTV-RINN,Bakgrund,1972-12,NRM,Nej,SMABAT,Natfiske,FRYST
00105985,Storvindeln,C1972/08074,NMO,SJO-SOTV-RINN,Bakgrund,1972-09-14,NRM,Nej,SMABAT,Natfiske,FRYST
00105985,Storvindeln,C1972/08075,NMO,SJO-SOTV-RINN,Bakgrund,1972-10-25,NRM,Nej,SMABAT,Natfiske,FRYST
00105985,Storvindeln,C1972/08076,NMO,SJO-SOTV-RINN,Bakgrund,1972-10-03,NRM,Nej,SMABAT,Natfiske,FRYST
00105985,Storvindeln,C1972/08077,NMO,SJO-SOTV-RINN,Bakgrund,1972-10-02,NRM,Nej,SMABAT,Natfiske,FRYST
00105985,Storvindeln,C1972/08078,NMO,SJO-SOTV-RINN,Bakgrund,1972-09-06,NRM,Nej,SMABAT,Natfiske,FRYST
00105985,Storvindeln,C1972/08079,NMO,SJO-SOTV-RINN,Bakgrund,1972-10-02,NRM,Nej,SMABAT,Natfiske,FRYST
00105985,Storvindeln,C1972/08080,NMO,SJO-SOTV-RINN,Bakgrund,1972-09-28,NRM,Nej,SMABAT,Natfiske,FRYST
00105985,Storvindeln,C1972/08096,NMO,SJO-SOTV-RINN,Bakgrund,1972-05-24,NRM,Nej,SMABAT,Natfiske,FRYST
00105985,Storvindeln,C1972/08097,NMO,SJO-SOTV-RINN,Bakgrund,1972-05,NRM,Nej,SMABAT,Natfiske,FRYST
00105985,Storvindeln,C1972/08100,NMO,SJO-SOTV-RINN,Bakgrund,1972-05-21,NRM,Nej,SMABAT,Natfiske,FRYST
00103839,Bolmen,C1972/08081-08095,NMO,SJO-SOTV-RINN,Bakgrund,1972,NRM,Nej,SMABAT,Natfiske,FRYST
00103839,Bolmen,C1972/08088,NMO,SJO-SOTV-RINN,Bakgrund,1972,NRM,Nej,SMABAT,Natfiske,FRYST
00103839,Bolmen,C1972/08089,NMO,SJO-SOTV-RINN,Bakgrund,1972,NRM,Nej,SMABAT,Natfiske,FRYST
00103839,Bolmen,C1972/08090,NMO,SJO-SOTV-RINN,Bakgrund,1972,NRM,Nej,SMABAT,Natfiske,FRYST
00103839,Bolmen,C1972/08091,NMO,SJO-SOTV-RINN,Bakgrund,1972,NRM,Nej,SMABAT,Natfiske,FRYST
00103839,Bolmen,C1972/08092,NMO,SJO-SOTV-RINN,Bakgrund,1972,NRM,Nej,SMABAT,Natfiske,FRYST
00105985,Storvindeln,C1972/08096-08105,NMO,SJO-SOTV-RINN,Bakgrund,1972-05-24,NRM,Nej,SMABAT,Natfiske,FRYST
00103839,Bolmen,C1972/08093,NMO,SJO-SOTV-RINN,Bakgrund,1972,NRM,Nej,SMABAT,Natfiske,FRYST
00103839,Bolmen,C1972/08094,NMO,SJO-SOTV-RINN,Bakgrund,1972,NRM,Nej,SMABAT,Natfiske,FRYST
00103839,Bolmen,C1973/08085,NMO,SJO-SOTV-RINN,Bakgrund,1973-04,NRM,Nej,SMABAT,Natfiske,FRYST
00105985,Storvindeln,C1973/08051,NMO,SJO-SOTV-RINN,Bakgrund,1973-05-24,NRM,Nej,SMABAT,Natfiske,FRYST
00105985,Storvindeln,C1973/08052,NMO,SJO-SOTV-RINN,Bakgrund,1973-05-24,NRM,Nej,SMABAT,Natfiske,FRYST
00105985,Storvindeln,C1973/08053,NMO,SJO-SOTV-RINN,Bakgrund,1973-05-24,NRM,Nej,SMABAT,Natfiske,FRYST
00105985,Storvindeln,C1973/08054,NMO,SJO-SOTV-RINN,Bakgrund,1973-05-25,NRM,Nej,SMABAT,Natfiske,FRYST
00105985,Storvindeln,C1973/08055,NMO,SJO-SOTV-RINN,Bakgrund,1973-05-26,NRM,Nej,SMABAT,Natfiske,FRYST
00105985,Storvindeln,C1973/08056,NMO,SJO-SOTV-RINN,Bakgrund,1973-05-26,NRM,Nej,SMABAT,Natfiske,FRYST
00105985,Storvindeln,C1973/08057,NMO,SJO-SOTV-RINN,Bakgrund,1973-05-26,NRM,Nej,SMABAT,Natfiske,FRYST
00105985,Storvindeln,C1973/08058,NMO,SJO-SOTV-RINN,Bakgrund,1973-05-26,NRM,Nej,SMABAT,Natfiske,FRYST
00105985,Storvindeln,C1973/08059,NMO,SJO-SOTV-RINN,Bakgrund,1973-05-28,NRM,Nej,SMABAT,Natfiske,FRYST
00105985,Storvindeln,C1973/08060,NMO,SJO-SOTV-RINN,Bakgrund,1973-05-28,NRM,Nej,SMABAT,Natfiske,FRYST
00105985,Storvindeln,C1973/08061,NMO,SJO-SOTV-RINN,Bakgrund,1973-05-29,NRM,Nej,SMABAT,Natfiske,FRYST
00105985,Storvindeln,C1973/08062,NMO,SJO-SOTV-RINN,Bakgrund,1973-05-29,NRM,Nej,SMABAT,Natfiske,FRYST
00105985,Storvindeln,C1973/08063,NMO,SJO-SOTV-RINN,Bakgrund,1973-05-20,NRM,Nej,SMABAT,Natfiske,FRYST
00105985,Storvindeln,C1973/08064,NMO,SJO-SOTV-RINN,Bakgrund,1973-05-26,NRM,Nej,SMABAT,Natfiske,FRYST
00105985,Storvindeln,C1973/08065,NMO,SJO-SOTV-RINN,Bakgrund,1973-05-31,NRM,Nej,SMABAT,Natfiske,FRYST
00105985,Storvindeln,C1973/08066,NMO,SJO-SOTV-RINN,Bakgrund,1973-09-01,NRM,Nej,SMABAT,Natfiske,FRYST
00105985,Storvindeln,C1973/08067,NMO,SJO-SOTV-RINN,Bakgrund,1973-08-29,NRM,Nej,SMABAT,Natfiske,FRYST
00105985,Storvindeln,C1973/08068,NMO,SJO-SOTV-RINN,Bakgrund,1973-08-24,NRM,Nej,SMABAT,Natfiske,FRYST
00105985,Storvindeln,C1973/08069,NMO,SJO-SOTV-RINN,Bakgrund,1973-08-17,NRM,Nej,SMABAT,Natfiske,FRYST
00105985,Storvindeln,C1973/08070,NMO,SJO-SOTV-RINN,Bakgrund,1973-08-10,NRM,Nej,SMABAT,Natfiske,FRYST
00105985,Storvindeln,C1973/08071,NMO,SJO-SOTV-RINN,Bakgrund,1973-08-10,NRM,Nej,SMABAT,Natfiske,FRYST
00105985,Storvindeln,C1973/08072,NMO,SJO-SOTV-RINN,Bakgrund,1973-08-03,NRM,Nej,SMABAT,Natfiske,FRYST
00105985,Storvindeln,C1973/08073,NMO,SJO-SOTV-RINN,Bakgrund,1973-08-29,NRM,Nej,SMABAT,Natfiske,FRYST
00105985,Storvindeln,C1973/08074,NMO,SJO-SOTV-RINN,Bakgrund,1973-08-03,NRM,Nej,SMABAT,Natfiske,FRYST
00105985,Storvindeln,C1973/08075,NMO,SJO-SOTV-RINN,Bakgrund,1973-08-03,NRM,Nej,SMABAT,Natfiske,FRYST
00105985,Storvindeln,C1973/08076,NMO,SJO-SOTV-RINN,Bakgrund,1973-09-10,NRM,Nej,SMABAT,Natfiske,FRYST
00105985,Storvindeln,C1973/08077,NMO,SJO-SOTV-RINN,Bakgrund,1973-09-19,NRM,Nej,SMABAT,Natfiske,FRYST
00105985,Storvindeln,C1973/08078,NMO,SJO-SOTV-RINN,Bakgrund,1973-08-10,NRM,Nej,SMABAT,Natfiske,FRYST
00105985,Storvindeln,C1973/08079,NMO,SJO-SOTV-RINN,Bakgrund,1973-08-15,NRM,Nej,SMABAT,Natfiske,FRYST
00105985,Storvindeln,C1973/08080,NMO,SJO-SOTV-RINN,Bakgrund,1973-09-20,NRM,Nej,SMABAT,Natfiske,FRYST
00103839,Bolmen,C1973/08086,NMO,SJO-SOTV-RINN,Bakgrund,1973-04,NRM,Nej,SMABAT,Natfiske,FRYST
00103839,Bolmen,C1973/08087,NMO,SJO-SOTV-RINN,Bakgrund,1973-04,NRM,Nej,SMABAT,Natfiske,FRYST
00103839,Bolmen,C1973/08088,NMO,SJO-SOTV-RINN,Bakgrund,1973-04,NRM,Nej,SMABAT,Natfiske,FRYST
00103839,Bolmen,C1973/08089,NMO,SJO-SOTV-RINN,Bakgrund,1973-04,NRM,Nej,SMABAT,Natfiske,FRYST
00103839,Bolmen,C1973/08090,NMO,SJO-SOTV-RINN,Bakgrund,1973-04,NRM,Nej,SMABAT,Natfiske,FRYST
00103839,Bolmen,C1973/08081,NMO,SJO-SOTV-RINN,Bakgrund,1973-04,NRM,Nej,SMABAT,Natfiske,FRYST
00103839,Bolmen,C1973/08082,NMO,SJO-SOTV-RINN,Bakgrund,1973-04,NRM,Nej,SMABAT,Natfiske,FRYST
00105985,Storvindeln,C1973/08091-08105,NMO,SJO-SOTV-RINN,Bakgrund,1973-05-28,NRM,Nej,SMABAT,Natfiske,FRYST
00103839,Bolmen,C1973/08083,NMO,SJO-SOTV-RINN,Bakgrund,1973-04,NRM,Nej,SMABAT,Natfiske,FRYST
00103839,Bolmen,C1973/08084,NMO,SJO-SOTV-RINN,Bakgrund,1973-04,NRM,Nej,SMABAT,Natfiske,FRYST
00103839,Bolmen,C1974/08067,NMO,SJO-SOTV-RINN,Bakgrund,1974,NRM,Nej,SMABAT,Natfiske,FRYST
00105985,Storvindeln,C1974/08051,NMO,SJO-SOTV-RINN,Bakgrund,1974-06-03,NRM,Nej,SMABAT,Natfiske,FRYST
00105985,Storvindeln,C1974/08052,NMO,SJO-SOTV-RINN,Bakgrund,1974-05,NRM,Nej,SMABAT,Natfiske,FRYST
00105985,Storvindeln,C1974/08053,NMO,SJO-SOTV-RINN,Bakgrund,1974-06-03,NRM,Nej,SMABAT,Natfiske,FRYST
00105985,Storvindeln,C1974/08054,NMO,SJO-SOTV-RINN,Bakgrund,1974-07-08,NRM,Nej,SMABAT,Natfiske,FRYST
00105985,Storvindeln,C1974/08055,NMO,SJO-SOTV-RINN,Bakgrund,1974-07-05,NRM,Nej,SMABAT,Natfiske,FRYST
00105985,Storvindeln,C1974/08056,NMO,SJO-SOTV-RINN,Bakgrund,1974-06-03,NRM,Nej,SMABAT,Natfiske,FRYST
00105985,Storvindeln,C1974/08057,NMO,SJO-SOTV-RINN,Bakgrund,1974-06-20,NRM,Nej,SMABAT,Natfiske,FRYST
00105985,Storvindeln,C1974/08058,NMO,SJO-SOTV-RINN,Bakgrund,1974-06-04,NRM,Nej,SMABAT,Natfiske,FRYST
00105985,Storvindeln,C1974/08059,NMO,SJO-SOTV-RINN,Bakgrund,1974-06-04,NRM,Nej,SMABAT,Natfiske,FRYST
00105985,Storvindeln,C1974/08060,NMO,SJO-SOTV-RINN,Bakgrund,1974-07-29,NRM,Nej,SMABAT,Natfiske,FRYST
00103839,Bolmen,C1974/08068,NMO,SJO-SOTV-RINN,Bakgrund,1974,NRM,Nej,SMABAT,Natfiske,FRYST
00103839,Bolmen,C1974/08069,NMO,SJO-SOTV-RINN,Bakgrund,1974,NRM,Nej,SMABAT,Natfiske,FRYST
00103839,Bolmen,C1974/08070,NMO,SJO-SOTV-RINN,Bakgrund,1974,NRM,Nej,SMABAT,Natfiske,FRYST
00103839,Bolmen,C1974/08071,NMO,SJO-SOTV-RINN,Bakgrund,1974,NRM,Nej,SMABAT,Natfiske,FRYST
00103839,Bolmen,C1974/08061,NMO,SJO-SOTV-RINN,Bakgrund,1974,NRM,Nej,SMABAT,Natfiske,FRYST
00103839,Bolmen,C1974/08062,NMO,SJO-SOTV-RINN,Bakgrund,1974,NRM,Nej,SMABAT,Natfiske,FRYST
00103839,Bolmen,C1974/08063,NMO,SJO-SOTV-RINN,Bakgrund,1974,NRM,Nej,SMABAT,Natfiske,FRYST
00103839,Bolmen,C1974/08064,NMO,SJO-SOTV-RINN,Bakgrund,1974,NRM,Nej,SMABAT,Natfiske,FRYST
00105985,Storvindeln,C1974/08072-08081,NMO,SJO-SOTV-RINN,Bakgrund,1974-09-26,NRM,Nej,SMABAT,Natfiske,FRYST
00103839,Bolmen,C1974/08065,NMO,SJO-SOTV-RINN,Bakgrund,1974,NRM,Nej,SMABAT,Natfiske,FRYST
00103839,Bolmen,C1974/08066,NMO,SJO-SOTV-RINN,Bakgrund,1974,NRM,Nej,SMABAT,Natfiske,FRYST
00105985,Storvindeln,C1975/08051,NMO,SJO-SOTV-RINN,Bakgrund,1975-06-05,NRM,Nej,SMABAT,Natfiske,FRYST
00105985,Storvindeln,C1975/08052,NMO,SJO-SOTV-RINN,Bakgrund,1975-05-27,NRM,Nej,SMABAT,Natfiske,FRYST
00105985,Storvindeln,C1975/08053,NMO,SJO-SOTV-RINN,Bakgrund,1975-06-02,NRM,Nej,SMABAT,Natfiske,FRYST
00105985,Storvindeln,C1975/08054,NMO,SJO-SOTV-RINN,Bakgrund,1975-05-28,NRM,Nej,SMABAT,Natfiske,FRYST
00105985,Storvindeln,C1975/08055,NMO,SJO-SOTV-RINN,Bakgrund,1975-05,NRM,Nej,SMABAT,Natfiske,FRYST
00105985,Storvindeln,C1975/08056,NMO,SJO-SOTV-RINN,Bakgrund,1975-05,NRM,Nej,SMABAT,Natfiske,FRYST
00105985,Storvindeln,C1975/08057,NMO,SJO-SOTV-RINN,Bakgrund,1975-05-27,NRM,Nej,SMABAT,Natfiske,FRYST
00105985,Storvindeln,C1975/08058,NMO,SJO-SOTV-RINN,Bakgrund,1975-06-02,NRM,Nej,SMABAT,Natfiske,FRYST
00105985,Storvindeln,C1975/08059,NMO,SJO-SOTV-RINN,Bakgrund,1975-05-27,NRM,Nej,SMABAT,Natfiske,FRYST
00103839,Bolmen,C1975/08065,NMO,SJO-SOTV-RINN,Bakgrund,1975-05,NRM,Nej,SMABAT,Natfiske,FRYST
00103839,Bolmen,C1975/08066,NMO,SJO-SOTV-RINN,Bakgrund,1975-05,NRM,Nej,SMABAT,Natfiske,FRYST
00103839,Bolmen,C1975/08067,NMO,SJO-SOTV-RINN,Bakgrund,1975-05,NRM,Nej,SMABAT,Natfiske,FRYST
00103839,Bolmen,C1975/08068,NMO,SJO-SOTV-RINN,Bakgrund,1975-05,NRM,Nej,SMABAT,Natfiske,FRYST
00103839,Bolmen,C1975/08069,NMO,SJO-SOTV-RINN,Bakgrund,1975-05,NRM,Nej,SMABAT,Natfiske,FRYST
00103839,Bolmen,C75/,NMO,SJO-SOTV-RINN,Bakgrund,1975-05,NRM,Nej,SMABAT,Natfiske,FRYST
00103839,Bolmen,C1975/08060,NMO,SJO-SOTV-RINN,Bakgrund,1975-05,NRM,Nej,SMABAT,Natfiske,FRYST
00103839,Bolmen,C1975/08061,NMO,SJO-SOTV-RINN,Bakgrund,1975-05,NRM,Nej,SMABAT,Natfiske,FRYST
00103839,Bolmen,C1975/08062,NMO,SJO-SOTV-RINN,Bakgrund,1975-05,NRM,Nej,SMABAT,Natfiske,FRYST
00103839,Bolmen,C1975/08063,NMO,SJO-SOTV-RINN,Bakgrund,1975-05,NRM,Nej,SMABAT,Natfiske,FRYST
00103839,Bolmen,C1975/08064,NMO,SJO-SOTV-RINN,Bakgrund,1975-05,NRM,Nej,SMABAT,Natfiske,FRYST
00105985,Storvindeln,C1976/08051,NMO,SJO-SOTV-RINN,Bakgrund,1976-06-01,NRM,Nej,SMABAT,Natfiske,FRYST
00105985,Storvindeln,C1976/08052,NMO,SJO-SOTV-RINN,Bakgrund,1976-06-11,NRM,Nej,SMABAT,Natfiske,FRYST
00105985,Storvindeln,C1976/08053,NMO,SJO-SOTV-RINN,Bakgrund,1976-06-05,NRM,Nej,SMABAT,Natfiske,FRYST
00105985,Storvindeln,C1976/08054,NMO,SJO-SOTV-RINN,Bakgrund,1976-06-05,NRM,Nej,SMABAT,Natfiske,FRYST
00105985,Storvindeln,C1976/08055,NMO,SJO-SOTV-RINN,Bakgrund,1976-06-07,NRM,Nej,SMABAT,Natfiske,FRYST
00105985,Storvindeln,C1976/08056,NMO,SJO-SOTV-RINN,Bakgrund,1976-06-01,NRM,Nej,SMABAT,Natfiske,FRYST
00105985,Storvindeln,C1976/08057,NMO,SJO-SOTV-RINN,Bakgrund,1976-06-01,NRM,Nej,SMABAT,Natfiske,FRYST
00105985,Storvindeln,C1976/08058,NMO,SJO-SOTV-RINN,Bakgrund,1976-06-11,NRM,Nej,SMABAT,Natfiske,FRYST
00105985,Storvindeln,C1976/08059,NMO,SJO-SOTV-RINN,Bakgrund,1976-06-05,NRM,Nej,SMABAT,Natfiske,FRYST
00103839,Bolmen,C1976/08063,NMO,SJO-SOTV-RINN,Bakgrund,1976-05,NRM,Nej,SMABAT,Natfiske,FRYST
00103839,Bolmen,C1976/08064,NMO,SJO-SOTV-RINN,Bakgrund,1976-05,NRM,Nej,SMABAT,Natfiske,FRYST
00103839,Bolmen,C1976/08065,NMO,SJO-SOTV-RINN,Bakgrund,1976-05,NRM,Nej,SMABAT,Natfiske,FRYST
00103839,Bolmen,C1976/08066,NMO,SJO-SOTV-RINN,Bakgrund,1976-05,NRM,Nej,SMABAT,Natfiske,FRYST
00103839,Bolmen,C1976/08067,NMO,SJO-SOTV-RINN,Bakgrund,1976-05,NRM,Nej,SMABAT,Natfiske,FRYST
00103839,Bolmen,C1976/08068,NMO,SJO-SOTV-RINN,Bakgrund,1976-05,NRM,Nej,SMABAT,Natfiske,FRYST
00103839,Bolmen,C1976/08069,NMO,SJO-SOTV-RINN,Bakgrund,1976-05,NRM,Nej,SMABAT,Natfiske,FRYST
00103839,Bolmen,C76/,NMO,SJO-SOTV-RINN,Bakgrund,1976-05,NRM,Nej,SMABAT,Natfiske,FRYST
00103839,Bolmen,C1976/08060,NMO,SJO-SOTV-RINN,Bakgrund,1976-05,NRM,Nej,SMABAT,Natfiske,FRYST
00103839,Bolmen,C1976/08061,NMO,SJO-SOTV-RINN,Bakgrund,1976-05,NRM,Nej,SMABAT,Natfiske,FRYST
00103839,Bolmen,C1976/08062,NMO,SJO-SOTV-RINN,Bakgrund,1976-05,NRM,Nej,SMABAT,Natfiske,FRYST
00103839,Bolmen,C1977/08048,NMO,SJO-SOTV-RINN,Bakgrund,1977-05,NRM,Nej,SMABAT,Natfiske,FRYST
00103839,Bolmen,C1977/08049,NMO,SJO-SOTV-RINN,Bakgrund,1977-05,NRM,Nej,SMABAT,Natfiske,FRYST
00103839,Bolmen,C1977/08050,NMO,SJO-SOTV-RINN,Bakgrund,1977-05,NRM,Nej,SMABAT,Natfiske,FRYST
00103839,Bolmen,C1977/08051,NMO,SJO-SOTV-RINN,Bakgrund,1977-05,NRM,Nej,SMABAT,Natfiske,FRYST
00103839,Bolmen,C1977/08052,NMO,SJO-SOTV-RINN,Bakgrund,1977-05,NRM,Nej,SMABAT,Natfiske,FRYST
00105985,Storvindeln,C1977/08026,NMO,SJO-SOTV-RINN,Bakgrund,1977-06-08,NRM,Nej,SMABAT,Natfiske,FRYST
00105985,Storvindeln,C1977/08027,NMO,SJO-SOTV-RINN,Bakgrund,1977-06-04,NRM,Nej,SMABAT,Natfiske,FRYST
00105985,Storvindeln,C1977/08028,NMO,SJO-SOTV-RINN,Bakgrund,1977-06-08,NRM,Nej,SMABAT,Natfiske,FRYST
00105985,Storvindeln,C1977/08029,NMO,SJO-SOTV-RINN,Bakgrund,1977-06-08,NRM,Nej,SMABAT,Natfiske,FRYST
00105985,Storvindeln,C1977/08030,NMO,SJO-SOTV-RINN,Bakgrund,1977-06-08,NRM,Nej,SMABAT,Natfiske,FRYST
00105985,Storvindeln,C1977/08031,NMO,SJO-SOTV-RINN,Bakgrund,1977-06-09,NRM,Nej,SMABAT,Natfiske,FRYST
00105985,Storvindeln,C1977/08032,NMO,SJO-SOTV-RINN,Bakgrund,1977-05-22,NRM,Nej,SMABAT,Natfiske,FRYST
00105985,Storvindeln,C1977/08033,NMO,SJO-SOTV-RINN,Bakgrund,1977-06-07,NRM,Nej,SMABAT,Natfiske,FRYST
00105985,Storvindeln,C1977/08034,NMO,SJO-SOTV-RINN,Bakgrund,1977-06-07,NRM,Nej,SMABAT,Natfiske,FRYST
00105985,Storvindeln,C1977/08035,NMO,SJO-SOTV-RINN,Bakgrund,1977-06-08,NRM,Nej,SMABAT,Natfiske,FRYST
00105985,Storvindeln,C1977/08036,NMO,SJO-SOTV-RINN,Bakgrund,1977-05-29,NRM,Nej,SMABAT,Natfiske,FRYST
00105985,Storvindeln,C1977/08037,NMO,SJO-SOTV-RINN,Bakgrund,1977-05,NRM,Nej,SMABAT,Natfiske,FRYST
00105985,Storvindeln,C1977/08038,NMO,SJO-SOTV-RINN,Bakgrund,1977-05,NRM,Nej,SMABAT,Natfiske,FRYST
00105985,Storvindeln,C1977/08039,NMO,SJO-SOTV-RINN,Bakgrund,1977-05,NRM,Nej,SMABAT,Natfiske,FRYST
00105985,Storvindeln,C1977/08040,NMO,SJO-SOTV-RINN,Bakgrund,1977-05,NRM,Nej,SMABAT,Natfiske,FRYST
00105985,Storvindeln,C1977/08041,NMO,SJO-SOTV-RINN,Bakgrund,1977-05,NRM,Nej,SMABAT,Natfiske,FRYST
00105985,Storvindeln,C1977/08042,NMO,SJO-SOTV-RINN,Bakgrund,1977-05,NRM,Nej,SMABAT,Natfiske,FRYST
00105985,Storvindeln,C1977/08043,NMO,SJO-SOTV-RINN,Bakgrund,1977-05,NRM,Nej,SMABAT,Natfiske,FRYST
00105985,Storvindeln,C1977/08044,NMO,SJO-SOTV-RINN,Bakgrund,1977-05,NRM,Nej,SMABAT,Natfiske,FRYST
00103839,Bolmen,C1977/08053,NMO,SJO-SOTV-RINN,Bakgrund,1977-05,NRM,Nej,SMABAT,Natfiske,FRYST
00103839,Bolmen,C1977/08054,NMO,SJO-SOTV-RINN,Bakgrund,1977-05,NRM,Nej,SMABAT,Natfiske,FRYST
00103839,Bolmen,C1977/08055,NMO,SJO-SOTV-RINN,Bakgrund,1977-05,NRM,Nej,SMABAT,Natfiske,FRYST
00103839,Bolmen,C1977/08056,NMO,SJO-SOTV-RINN,Bakgrund,1977-05,NRM,Nej,SMABAT,Natfiske,FRYST
00103839,Bolmen,C1977/08057,NMO,SJO-SOTV-RINN,Bakgrund,1977-05,NRM,Nej,SMABAT,Natfiske,FRYST
00103839,Bolmen,C1977/08058,NMO,SJO-SOTV-RINN,Bakgrund,1977-05,NRM,Nej,SMABAT,Natfiske,FRYST
00103839,Bolmen,C1977/08059,NMO,SJO-SOTV-RINN,Bakgrund,1977-05,NRM,Nej,SMABAT,Natfiske,FRYST
00103839,Bolmen,C77/,NMO,SJO-SOTV-RINN,Bakgrund,1977-05,NRM,Nej,SMABAT,Natfiske,FRYST
00103839,Bolmen,C1977/08045,NMO,SJO-SOTV-RINN,Bakgrund,1977-05,NRM,Nej,SMABAT,Natfiske,FRYST
00103839,Bolmen,C1977/08046,NMO,SJO-SOTV-RINN,Bakgrund,1977-05,NRM,Nej,SMABAT,Natfiske,FRYST
00103839,Bolmen,C1977/08047,NMO,SJO-SOTV-RINN,Bakgrund,1977-05,NRM,Nej,SMABAT,Natfiske,FRYST
00105985,Storvindeln,C1978/08121,NMO,SJO-SOTV-RINN,Bakgrund,1978-06-01,NRM,Nej,SMABAT,Natfiske,FRYST
00105985,Storvindeln,C1978/08122,NMO,SJO-SOTV-RINN,Bakgrund,1978-06-01,NRM,Nej,SMABAT,Natfiske,FRYST
00105985,Storvindeln,C1978/08123,NMO,SJO-SOTV-RINN,Bakgrund,1978-05-29,NRM,Nej,SMABAT,Natfiske,FRYST
00105985,Storvindeln,C1978/08124,NMO,SJO-SOTV-RINN,Bakgrund,1978-06-01,NRM,Nej,SMABAT,Natfiske,FRYST
00105985,Storvindeln,C1978/08125,NMO,SJO-SOTV-RINN,Bakgrund,1978-05-29,NRM,Nej,SMABAT,Natfiske,FRYST
00105985,Storvindeln,C1978/08126,NMO,SJO-SOTV-RINN,Bakgrund,1978-05-21,NRM,Nej,SMABAT,Natfiske,FRYST
00105985,Storvindeln,C1978/08127,NMO,SJO-SOTV-RINN,Bakgrund,1978-05-31,NRM,Nej,SMABAT,Natfiske,FRYST
00105985,Storvindeln,C1978/08128,NMO,SJO-SOTV-RINN,Bakgrund,1978-05-29,NRM,Nej,SMABAT,Natfiske,FRYST
00105985,Storvindeln,C1978/08129,NMO,SJO-SOTV-RINN,Bakgrund,1978-05-29,NRM,Nej,SMABAT,Natfiske,FRYST
00105985,Storvindeln,C1978/08130,NMO,SJO-SOTV-RINN,Bakgrund,1978-06-01,NRM,Nej,SMABAT,Natfiske,FRYST
00105985,Storvindeln,C1978/08131,NMO,SJO-SOTV-RINN,Bakgrund,1978-05-30,NRM,Nej,SMABAT,Natfiske,FRYST
00105985,Storvindeln,C1978/08132,NMO,SJO-SOTV-RINN,Bakgrund,1978-05,NRM,Nej,SMABAT,Natfiske,FRYST
00105985,Storvindeln,C1978/08133,NMO,SJO-SOTV-RINN,Bakgrund,1978-06-07,NRM,Nej,SMABAT,Natfiske,FRYST
00103839,Bolmen,C1978/08143,NMO,SJO-SOTV-RINN,Bakgrund,1978-05,NRM,Nej,SMABAT,Natfiske,FRYST
00103839,Bolmen,C78/,NMO,SJO-SOTV-RINN,Bakgrund,1978-05,NRM,Nej,SMABAT,Natfiske,FRYST
00103839,Bolmen,C1978/08134,NMO,SJO-SOTV-RINN,Bakgrund,1978-05,NRM,Nej,SMABAT,Natfiske,FRYST
00103839,Bolmen,C1978/08135,NMO,SJO-SOTV-RINN,Bakgrund,1978-05,NRM,Nej,SMABAT,Natfiske,FRYST
00103839,Bolmen,C1978/08136,NMO,SJO-SOTV-RINN,Bakgrund,1978-05,NRM,Nej,SMABAT,Natfiske,FRYST
00103839,Bolmen,C1978/08137,NMO,SJO-SOTV-RINN,Bakgrund,1978-05,NRM,Nej,SMABAT,Natfiske,FRYST
00103839,Bolmen,C1978/08138,NMO,SJO-SOTV-RINN,Bakgrund,1978-05,NRM,Nej,SMABAT,Natfiske,FRYST
00103839,Bolmen,C1978/08139,NMO,SJO-SOTV-RINN,Bakgrund,1978-05,NRM,Nej,SMABAT,Natfiske,FRYST
00103839,Bolmen,C1978/08140,NMO,SJO-SOTV-RINN,Bakgrund,1978-05,NRM,Nej,SMABAT,Natfiske,FRYST
00105985,Storvindeln,C1978/08122-08133,NMO,SJO-SOTV-RINN,Bakgrund,1978-06-07,NRM,Nej,SMABAT,Natfiske,FRYST
00103839,Bolmen,C1978/08134-08143,NMO,SJO-SOTV-RINN,Bakgrund,1978-04-23,NRM,Nej,SMABAT,Natfiske,FRYST
00103839,Bolmen,C1978/08141,NMO,SJO-SOTV-RINN,Bakgrund,1978-05,NRM,Nej,SMABAT,Natfiske,FRYST
00103839,Bolmen,C1978/08142,NMO,SJO-SOTV-RINN,Bakgrund,1978-05,NRM,Nej,SMABAT,Natfiske,FRYST
00105985,Storvindeln,C1979/08482,NMO,SJO-SOTV-RINN,Bakgrund,1979-05-30,NRM,Nej,SMABAT,Natfiske,FRYST
00105985,Storvindeln,C1979/08483,NMO,SJO-SOTV-RINN,Bakgrund,1979-05-25,NRM,Nej,SMABAT,Natfiske,FRYST
00105985,Storvindeln,C1979/08484,NMO,SJO-SOTV-RINN,Bakgrund,1979-05-24,NRM,Nej,SMABAT,Natfiske,FRYST
00105985,Storvindeln,C1979/08485,NMO,SJO-SOTV-RINN,Bakgrund,1979-05-24,NRM,Nej,SMABAT,Natfiske,FRYST
00105985,Storvindeln,C1979/08486,NMO,SJO-SOTV-RINN,Bakgrund,1979-05-25,NRM,Nej,SMABAT,Natfiske,FRYST
00105985,Storvindeln,C1979/08487,NMO,SJO-SOTV-RINN,Bakgrund,1979-05-26,NRM,Nej,SMABAT,Natfiske,FRYST
00105985,Storvindeln,C1979/08488,NMO,SJO-SOTV-RINN,Bakgrund,1979-05-24,NRM,Nej,SMABAT,Natfiske,FRYST
00103839,Bolmen,C1979/08583,NMO,SJO-SOTV-RINN,Bakgrund,1979-04,NRM,Nej,SMABAT,Natfiske,FRYST
00103839,Bolmen,C1979/08584,NMO,SJO-SOTV-RINN,Bakgrund,1979-04,NRM,Nej,SMABAT,Natfiske,FRYST
00103839,Bolmen,C1979/08585,NMO,SJO-SOTV-RINN,Bakgrund,1979-04,NRM,Nej,SMABAT,Natfiske,FRYST
00103839,Bolmen,C1979/08586,NMO,SJO-SOTV-RINN,Bakgrund,1979-04,NRM,Nej,SMABAT,Natfiske,FRYST
00103839,Bolmen,C1979/08587,NMO,SJO-SOTV-RINN,Bakgrund,1979-04,NRM,Nej,SMABAT,Natfiske,FRYST
00103839,Bolmen,C1979/08588,NMO,SJO-SOTV-RINN,Bakgrund,1979-04,NRM,Nej,SMABAT,Natfiske,FRYST
00103839,Bolmen,C1979/08589,NMO,SJO-SOTV-RINN,Bakgrund,1979-04,NRM,Nej,SMABAT,Natfiske,FRYST
00103839,Bolmen,C1979/08590,NMO,SJO-SOTV-RINN,Bakgrund,1979-04,NRM,Nej,SMABAT,Natfiske,FRYST
00103839,Bolmen,C1979/08591,NMO,SJO-SOTV-RINN,Bakgrund,1979-04,NRM,Nej,SMABAT,Natfiske,FRYST
00103839,Bolmen,C1979/08592,NMO,SJO-SOTV-RINN,Bakgrund,1979-04,NRM,Nej,SMABAT,Natfiske,FRYST
00105985,Storvindeln,C1979/08480-08488,NMO,SJO-SOTV-RINN,Bakgrund,1979-04-30,NRM,Nej,SMABAT,Natfiske,FRYST
00103839,Bolmen,C79/,NMO,SJO-SOTV-RINN,Bakgrund,1979-04,NRM,Nej,SMABAT,Natfiske,FRYST
00105985,Storvindeln,C1979/08480,NMO,SJO-SOTV-RINN,Bakgrund,1979-05-21,NRM,Nej,SMABAT,Natfiske,FRYST
00105985,Storvindeln,C1979/08481,NMO,SJO-SOTV-RINN,Bakgrund,1979-06-01,NRM,Nej,SMABAT,Natfiske,FRYST
00103839,Bolmen,C1980/04724,NMO,SJO-SOTV-RINN,Bakgrund,1980-05,NRM,Nej,SMABAT,Natfiske,FRYST
00103839,Bolmen,C1980/04725,NMO,SJO-SOTV-RINN,Bakgrund,1980-05,NRM,Nej,SMABAT,Natfiske,FRYST
00104492,Horsan,C1980/04613,NMO,SJO-SOTV-RINN,Bakgrund,1980-10,NRM,Nej,SMABAT,Natfiske,FRYST
00104492,Horsan,C1980/04614,NMO,SJO-SOTV-RINN,Bakgrund,1980-10,NRM,Nej,SMABAT,Natfiske,FRYST
00104492,Horsan,C1980/04615,NMO,SJO-SOTV-RINN,Bakgrund,1980-10,NRM,Nej,SMABAT,Natfiske,FRYST
00104492,Horsan,C1980/04616,NMO,SJO-SOTV-RINN,Bakgrund,1980-10,NRM,Nej,SMABAT,Natfiske,FRYST
00104492,Horsan,C1980/04617,NMO,SJO-SOTV-RINN,Bakgrund,1980-10,NRM,Nej,SMABAT,Natfiske,FRYST
00104492,Horsan,C1980/04618,NMO,SJO-SOTV-RINN,Bakgrund,1980-10,NRM,Nej,SMABAT,Natfiske,FRYST
00104492,Horsan,C1980/04619,NMO,SJO-SOTV-RINN,Bakgrund,1980-10,NRM,Nej,SMABAT,Natfiske,FRYST
00104492,Horsan,C1980/04620,NMO,SJO-SOTV-RINN,Bakgrund,1980-10,NRM,Nej,SMABAT,Natfiske,FRYST
00104492,Horsan,C1980/04621,NMO,SJO-SOTV-RINN,Bakgrund,1980-10,NRM,Nej,SMABAT,Natfiske,FRYST
00104492,Horsan,C1980/04622,NMO,SJO-SOTV-RINN,Bakgrund,1980-10,NRM,Nej,SMABAT,Natfiske,FRYST
00104727,Krankesjön,C1980/04726,NMO,SJO-SOTV-RINN,Bakgrund,1980-10,NRM,Nej,SMABAT,Natfiske,FRYST
00104727,Krankesjön,C1980/04727,NMO,SJO-SOTV-RINN,Bakgrund,1980-10,NRM,Nej,SMABAT,Natfiske,FRYST
00104727,Krankesjön,C1980/04728,NMO,SJO-SOTV-RINN,Bakgrund,1980-10,NRM,Nej,SMABAT,Natfiske,FRYST
00104727,Krankesjön,C1980/04729,NMO,SJO-SOTV-RINN,Bakgrund,1980-10,NRM,Nej,SMABAT,Natfiske,FRYST
00104727,Krankesjön,C1980/04730,NMO,SJO-SOTV-RINN,Bakgrund,1980-10,NRM,Nej,SMABAT,Natfiske,FRYST
00105985,Storvindeln,C1980/03036,NMO,SJO-SOTV-RINN,Bakgrund,1980-05-23,NRM,Nej,SMABAT,Natfiske,FRYST
00105985,Storvindeln,C1980/03037,NMO,SJO-SOTV-RINN,Bakgrund,1980-05-22,NRM,Nej,SMABAT,Natfiske,FRYST
00105985,Storvindeln,C1980/03038,NMO,SJO-SOTV-RINN,Bakgrund,1980-05-22,NRM,Nej,SMABAT,Natfiske,FRYST
00105985,Storvindeln,C1980/03039,NMO,SJO-SOTV-RINN,Bakgrund,1980-05-18,NRM,Nej,SMABAT,Natfiske,FRYST
00105985,Storvindeln,C1980/03040,NMO,SJO-SOTV-RINN,Bakgrund,1980-05-22,NRM,Nej,SMABAT,Natfiske,FRYST
00105985,Storvindeln,C1980/03041,NMO,SJO-SOTV-RINN,Bakgrund,1980-05,NRM,Nej,SMABAT,Natfiske,FRYST
00105985,Storvindeln,C1980/03042,NMO,SJO-SOTV-RINN,Bakgrund,1980-05-24,NRM,Nej,SMABAT,Natfiske,FRYST
00105985,Storvindeln,C1980/03043,NMO,SJO-SOTV-RINN,Bakgrund,1980-05-23,NRM,Nej,SMABAT,Natfiske,FRYST
00105985,Storvindeln,C1980/03044,NMO,SJO-SOTV-RINN,Bakgrund,1980-05-22,NRM,Nej,SMABAT,Natfiske,FRYST
00105985,Storvindeln,C1980/03045,NMO,SJO-SOTV-RINN,Bakgrund,1980-05,NRM,Nej,SMABAT,Natfiske,FRYST
00105985,Storvindeln,C1980/03046,NMO,SJO-SOTV-RINN,Bakgrund,1980-05-30,NRM,Nej,SMABAT,Natfiske,FRYST
00105985,Storvindeln,C1980/03047,NMO,SJO-SOTV-RINN,Bakgrund,1980-05-26,NRM,Nej,SMABAT,Natfiske,FRYST
00105985,Storvindeln,C1980/03048,NMO,SJO-SOTV-RINN,Bakgrund,1980-05,NRM,Nej,SMABAT,Natfiske,FRYST
00105985,Storvindeln,C1980/03049,NMO,SJO-SOTV-RINN,Bakgrund,1980-05-28,NRM,Nej,SMABAT,Natfiske,FRYST
00105985,Storvindeln,C1980/03050,NMO,SJO-SOTV-RINN,Bakgrund,1980-05,NRM,Nej,SMABAT,Natfiske,FRYST
00105985,Storvindeln,C1980/03051,NMO,SJO-SOTV-RINN,Bakgrund,1980-05-26,NRM,Nej,SMABAT,Natfiske,FRYST
00105985,Storvindeln,C1980/03052,NMO,SJO-SOTV-RINN,Bakgrund,1980-05-26,NRM,Nej,SMABAT,Natfiske,FRYST
00105985,Storvindeln,C1980/03053,NMO,SJO-SOTV-RINN,Bakgrund,1980-05-28,NRM,Nej,SMABAT,Natfiske,FRYST
00105985,Storvindeln,C1980/03054,NMO,SJO-SOTV-RINN,Bakgrund,1980-05-28,NRM,Nej,SMABAT,Natfiske,FRYST
00105985,Storvindeln,C1980/03055,NMO,SJO-SOTV-RINN,Bakgrund,1980-05-28,NRM,Nej,SMABAT,Natfiske,FRYST
00105985,Storvindeln,C1980/03056,NMO,SJO-SOTV-RINN,Bakgrund,1980-05-30,NRM,Nej,SMABAT,Natfiske,FRYST
00105985,Storvindeln,C1980/03057,NMO,SJO-SOTV-RINN,Bakgrund,1980-05,NRM,Nej,SMABAT,Natfiske,FRYST
00105985,Storvindeln,C1980/03058,NMO,SJO-SOTV-RINN,Bakgrund,1980-05-30,NRM,Nej,SMABAT,Natfiske,FRYST
00105985,Storvindeln,C1980/03059,NMO,SJO-SOTV-RINN,Bakgrund,1980-05-29,NRM,Nej,SMABAT,Natfiske,FRYST
00104727,Krankesjön,C1980/04731,NMO,SJO-SOTV-RINN,Bakgrund,1980-10,NRM,Nej,SMABAT,Natfiske,FRYST
00104727,Krankesjön,C1980/04732,NMO,SJO-SOTV-RINN,Bakgrund,1980-10,NRM,Nej,SMABAT,Natfiske,FRYST
00103839,Bolmen,C1980/04716-04725,NMO,SJO-SOTV-RINN,Bakgrund,1980-01-07,NRM,Nej,SMABAT,Natfiske,FRYST
00104727,Krankesjön,C1980/04733,NMO,SJO-SOTV-RINN,Bakgrund,1980-10,NRM,Nej,SMABAT,Natfiske,FRYST
00104727,Krankesjön,C1980/04734,NMO,SJO-SOTV-RINN,Bakgrund,1980-10,NRM,Nej,SMABAT,Natfiske,FRYST
00104727,Krankesjön,C1980/04735,NMO,SJO-SOTV-RINN,Bakgrund,1980-10,NRM,Nej,SMABAT,Natfiske,FRYST
00103839,Bolmen,C1980/04716,NMO,SJO-SOTV-RINN,Bakgrund,1980-05,NRM,Nej,SMABAT,Natfiske,FRYST
00103839,Bolmen,C1980/04717,NMO,SJO-SOTV-RINN,Bakgrund,1980-05,NRM,Nej,SMABAT,Natfiske,FRYST
00103839,Bolmen,C1980/04718,NMO,SJO-SOTV-RINN,Bakgrund,1980-05,NRM,Nej,SMABAT,Natfiske,FRYST
00103839,Bolmen,C1980/04719,NMO,SJO-SOTV-RINN,Bakgrund,1980-05,NRM,Nej,SMABAT,Natfiske,FRYST
00103839,Bolmen,C1980/04720,NMO,SJO-SOTV-RINN,Bakgrund,1980-05,NRM,Nej,SMABAT,Natfiske,FRYST
00103839,Bolmen,C1980/04721,NMO,SJO-SOTV-RINN,Bakgrund,1980-05,NRM,Nej,SMABAT,Natfiske,FRYST
00103839,Bolmen,C1980/04722,NMO,SJO-SOTV-RINN,Bakgrund,1980-05,NRM,Nej,SMABAT,Natfiske,FRYST
00103839,Bolmen,C1980/04723,NMO,SJO-SOTV-RINN,Bakgrund,1980-05,NRM,Nej,SMABAT,Natfiske,FRYST
00103839,Bolmen,C1981/03948,NMO,SJO-SOTV-RINN,Bakgrund,1981-04,NRM,Nej,SMABAT,Natfiske,FRYST
00103839,Bolmen,C1981/03949,NMO,SJO-SOTV-RINN,Bakgrund,1981-04,NRM,Nej,SMABAT,Natfiske,FRYST
00103839,Bolmen,C1981/03950,NMO,SJO-SOTV-RINN,Bakgrund,1981-04,NRM,Nej,SMABAT,Natfiske,FRYST
00103839,Bolmen,C1981/03951,NMO,SJO-SOTV-RINN,Bakgrund,1981-04,NRM,Nej,SMABAT,Natfiske,FRYST
00103839,Bolmen,C1981/03952,NMO,SJO-SOTV-RINN,Bakgrund,1981-04,NRM,Nej,SMABAT,Natfiske,FRYST
00103839,Bolmen,C1981/03953,NMO,SJO-SOTV-RINN,Bakgrund,1981-04,NRM,Nej,SMABAT,Natfiske,FRYST
00104727,Krankesjön,C1982/03007,NMO,SJO-SOTV-RINN,Bakgrund,1981-10,NRM,Nej,SMABAT,Natfiske,FRYST
00104727,Krankesjön,C1982/03008,NMO,SJO-SOTV-RINN,Bakgrund,1981-10,NRM,Nej,SMABAT,Natfiske,FRYST
00104727,Krankesjön,C1982/03009,NMO,SJO-SOTV-RINN,Bakgrund,1981-10,NRM,Nej,SMABAT,Natfiske,FRYST
00104727,Krankesjön,C1982/03010,NMO,SJO-SOTV-RINN,Bakgrund,1981-10,NRM,Nej,SMABAT,Natfiske,FRYST
00104727,Krankesjön,C1982/03011,NMO,SJO-SOTV-RINN,Bakgrund,1981-10,NRM,Nej,SMABAT,Natfiske,FRYST
00104727,Krankesjön,C1982/03012,NMO,SJO-SOTV-RINN,Bakgrund,1981-10,NRM,Nej,SMABAT,Natfiske,FRYST
00104727,Krankesjön,C1982/03013,NMO,SJO-SOTV-RINN,Bakgrund,1981-10,NRM,Nej,SMABAT,Natfiske,FRYST
00104727,Krankesjön,C1982/03014,NMO,SJO-SOTV-RINN,Bakgrund,1981-10,NRM,Nej,SMABAT,Natfiske,FRYST
00104727,Krankesjön,C1982/03015,NMO,SJO-SOTV-RINN,Bakgrund,1981-10,NRM,Nej,SMABAT,Natfiske,FRYST
00104727,Krankesjön,C1982/03016,NMO,SJO-SOTV-RINN,Bakgrund,1981-10,NRM,Nej,SMABAT,Natfiske,FRYST
NA,NA,C1981/03992,NMO,SJO-SOTV-RINN,Bakgrund,1981-10,NRM,Nej,SMABAT,Natfiske,FRYST
NA,NA,C1981/03993,NMO,SJO-SOTV-RINN,Bakgrund,1981-10,NRM,Nej,SMABAT,Natfiske,FRYST
NA,NA,C1981/03994,NMO,SJO-SOTV-RINN,Bakgrund,1981-10,NRM,Nej,SMABAT,Natfiske,FRYST
NA,NA,C1981/03995,NMO,SJO-SOTV-RINN,Bakgrund,1981-10,NRM,Nej,SMABAT,Natfiske,FRYST
NA,NA,C1981/03996,NMO,SJO-SOTV-RINN,Bakgrund,1981-10,NRM,Nej,SMABAT,Natfiske,FRYST
NA,NA,C1981/03997,NMO,SJO-SOTV-RINN,Bakgrund,1981-10,NRM,Nej,SMABAT,Natfiske,FRYST
NA,NA,C1981/03998,NMO,SJO-SOTV-RINN,Bakgrund,1981-10,NRM,Nej,SMABAT,Natfiske,FRYST
NA,NA,C1981/03999,NMO,SJO-SOTV-RINN,Bakgrund,1981-10,NRM,Nej,SMABAT,Natfiske,FRYST
NA,NA,C1981/04000,NMO,SJO-SOTV-RINN,Bakgrund,1981-10,NRM,Nej,SMABAT,Natfiske,FRYST
NA,NA,C1981/04001,NMO,SJO-SOTV-RINN,Bakgrund,1981-10,NRM,Nej,SMABAT,Natfiske,FRYST
00105667,Skärgölen,C1981/03571,NMO,SJO-SOTV-RINN,Bakgrund,1981-09,NRM,Nej,SMABAT,Natfiske,FRYST
00105667,Skärgölen,C1981/03572,NMO,SJO-SOTV-RINN,Bakgrund,1981-09,NRM,Nej,SMABAT,Natfiske,FRYST
00105667,Skärgölen,C1981/03573,NMO,SJO-SOTV-RINN,Bakgrund,1981-09,NRM,Nej,SMABAT,Natfiske,FRYST
00105667,Skärgölen,C1981/03574,NMO,SJO-SOTV-RINN,Bakgrund,1981-09,NRM,Nej,SMABAT,Natfiske,FRYST
00105667,Skärgölen,C1981/03575,NMO,SJO-SOTV-RINN,Bakgrund,1981-09,NRM,Nej,SMABAT,Natfiske,FRYST
00105667,Skärgölen,C1981/03576,NMO,SJO-SOTV-RINN,Bakgrund,1981-09,NRM,Nej,SMABAT,Natfiske,FRYST
00105667,Skärgölen,C1981/03577,NMO,SJO-SOTV-RINN,Bakgrund,1981-09,NRM,Nej,SMABAT,Natfiske,FRYST
00105667,Skärgölen,C1981/03578,NMO,SJO-SOTV-RINN,Bakgrund,1981-09,NRM,Nej,SMABAT,Natfiske,FRYST
00105667,Skärgölen,C1981/03579,NMO,SJO-SOTV-RINN,Bakgrund,1981-09,NRM,Nej,SMABAT,Natfiske,FRYST
00105667,Skärgölen,C1981/03580,NMO,SJO-SOTV-RINN,Bakgrund,1981-09,NRM,Nej,SMABAT,Natfiske,FRYST
00105667,Skärgölen,C1981/03581,NMO,SJO-SOTV-RINN,Bakgrund,1981-09,NRM,Nej,SMABAT,Natfiske,FRYST
00105667,Skärgölen,C1981/03581-03590,NMO,SJO-SOTV-RINN,Bakgrund,1981-09-30,NRM,Nej,SMABAT,Natfiske,FRYST
00105667,Skärgölen,C1981/03582,NMO,SJO-SOTV-RINN,Bakgrund,1981-09,NRM,Nej,SMABAT,Natfiske,FRYST
00105667,Skärgölen,C1981/03583,NMO,SJO-SOTV-RINN,Bakgrund,1981-09,NRM,Nej,SMABAT,Natfiske,FRYST
00105667,Skärgölen,C1981/03584,NMO,SJO-SOTV-RINN,Bakgrund,1981-09,NRM,Nej,SMABAT,Natfiske,FRYST
00105667,Skärgölen,C1981/03585,NMO,SJO-SOTV-RINN,Bakgrund,1981-09,NRM,Nej,SMABAT,Natfiske,FRYST
00105667,Skärgölen,C1981/03586,NMO,SJO-SOTV-RINN,Bakgrund,1981-09,NRM,Nej,SMABAT,Natfiske,FRYST
00105667,Skärgölen,C1981/03587,NMO,SJO-SOTV-RINN,Bakgrund,1981-09,NRM,Nej,SMABAT,Natfiske,FRYST
00105667,Skärgölen,C1981/03588,NMO,SJO-SOTV-RINN,Bakgrund,1981-09,NRM,Nej,SMABAT,Natfiske,FRYST
00105667,Skärgölen,C1981/03589,NMO,SJO-SOTV-RINN,Bakgrund,1981-09,NRM,Nej,SMABAT,Natfiske,FRYST
00105667,Skärgölen,C1981/03590,NMO,SJO-SOTV-RINN,Bakgrund,1981-09,NRM,Nej,SMABAT,Natfiske,FRYST
00103839,Bolmen,C1981/03954,NMO,SJO-SOTV-RINN,Bakgrund,1981-04,NRM,Nej,SMABAT,Natfiske,FRYST
00103643,Abiskojaure,C1981/03961,NMO,SJO-SOTV-RINN,Bakgrund,1981-10-14,NRM,Nej,SMABAT,Natfiske,FRYST
00103643,Abiskojaure,C1981/03962,NMO,SJO-SOTV-RINN,Bakgrund,1981-10-14,NRM,Nej,SMABAT,Natfiske,FRYST
00103643,Abiskojaure,C1981/03963,NMO,SJO-SOTV-RINN,Bakgrund,1981-10-14,NRM,Nej,SMABAT,Natfiske,FRYST
00103643,Abiskojaure,C1981/03964,NMO,SJO-SOTV-RINN,Bakgrund,1981-10-14,NRM,Nej,SMABAT,Natfiske,FRYST
00103643,Abiskojaure,C1981/03965,NMO,SJO-SOTV-RINN,Bakgrund,1981-10-14,NRM,Nej,SMABAT,Natfiske,FRYST
00103643,Abiskojaure,C1981/03956,NMO,SJO-SOTV-RINN,Bakgrund,1981-10-14,NRM,Nej,SMABAT,Natfiske,FRYST
00103643,Abiskojaure,C1981/03957,NMO,SJO-SOTV-RINN,Bakgrund,1981-10-14,NRM,Nej,SMABAT,Natfiske,FRYST
00103643,Abiskojaure,C1981/03958,NMO,SJO-SOTV-RINN,Bakgrund,1981-10-14,NRM,Nej,SMABAT,Natfiske,FRYST
00103643,Abiskojaure,C1981/03959,NMO,SJO-SOTV-RINN,Bakgrund,1981-10-14,NRM,Nej,SMABAT,Natfiske,FRYST
00105985,Storvindeln,C1981/03048,NMO,SJO-SOTV-RINN,Bakgrund,1981-05-28,NRM,Nej,SMABAT,Natfiske,FRYST
00105985,Storvindeln,C1981/03049,NMO,SJO-SOTV-RINN,Bakgrund,1981-05-28,NRM,Nej,SMABAT,Natfiske,FRYST
00105985,Storvindeln,C1981/03050,NMO,SJO-SOTV-RINN,Bakgrund,1981-05-30,NRM,Nej,SMABAT,Natfiske,FRYST
00105985,Storvindeln,C1981/03051,NMO,SJO-SOTV-RINN,Bakgrund,1981-05-30,NRM,Nej,SMABAT,Natfiske,FRYST
00105985,Storvindeln,C1981/03052,NMO,SJO-SOTV-RINN,Bakgrund,1981-06-01,NRM,Nej,SMABAT,Natfiske,FRYST
00105985,Storvindeln,C1981/03053,NMO,SJO-SOTV-RINN,Bakgrund,1981-05-30,NRM,Nej,SMABAT,Natfiske,FRYST
00105985,Storvindeln,C1981/03054,NMO,SJO-SOTV-RINN,Bakgrund,1981-05-29,NRM,Nej,SMABAT,Natfiske,FRYST
00105985,Storvindeln,C1981/03055,NMO,SJO-SOTV-RINN,Bakgrund,1981-05-30,NRM,Nej,SMABAT,Natfiske,FRYST
00105985,Storvindeln,C1981/03056,NMO,SJO-SOTV-RINN,Bakgrund,1981-05-28,NRM,Nej,SMABAT,Natfiske,FRYST
00105985,Storvindeln,C1981/03057,NMO,SJO-SOTV-RINN,Bakgrund,1981-05-27,NRM,Nej,SMABAT,Natfiske,FRYST
00105985,Storvindeln,C1981/03058,NMO,SJO-SOTV-RINN,Bakgrund,1981-06-01,NRM,Nej,SMABAT,Natfiske,FRYST
00105985,Storvindeln,C1981/03059,NMO,SJO-SOTV-RINN,Bakgrund,1981-05-30,NRM,Nej,SMABAT,Natfiske,FRYST
00105985,Storvindeln,C1981/03060,NMO,SJO-SOTV-RINN,Bakgrund,1981-05-29,NRM,Nej,SMABAT,Natfiske,FRYST
00105985,Storvindeln,C1981/03061,NMO,SJO-SOTV-RINN,Bakgrund,1981-05-24,NRM,Nej,SMABAT,Natfiske,FRYST
00105985,Storvindeln,C1981/03062,NMO,SJO-SOTV-RINN,Bakgrund,1981-05-24,NRM,Nej,SMABAT,Natfiske,FRYST
00105985,Storvindeln,C1981/03063,NMO,SJO-SOTV-RINN,Bakgrund,1981-06-01,NRM,Nej,SMABAT,Natfiske,FRYST
00105985,Storvindeln,C1981/03064,NMO,SJO-SOTV-RINN,Bakgrund,1981-05-27,NRM,Nej,SMABAT,Natfiske,FRYST
00105985,Storvindeln,C1981/03065,NMO,SJO-SOTV-RINN,Bakgrund,1981-05-26,NRM,Nej,SMABAT,Natfiske,FRYST
00105985,Storvindeln,C1981/03066,NMO,SJO-SOTV-RINN,Bakgrund,1981-05-29,NRM,Nej,SMABAT,Natfiske,FRYST
00105985,Storvindeln,C1981/03067,NMO,SJO-SOTV-RINN,Bakgrund,1981-05-30,NRM,Nej,SMABAT,Natfiske,FRYST
00103643,Abiskojaure,C1981/04683-04692,NMO,SJO-SOTV-RINN,Bakgrund,1981-11-27,NRM,Nej,SMABAT,Natfiske,FRYST
00105667,Skärgölen,C1981/03572-03585,NMO,SJO-SOTV-RINN,Bakgrund,1981-09-30,NRM,Nej,SMABAT,Natfiske,FRYST
00103643,Abiskojaure,C1981/03960,NMO,SJO-SOTV-RINN,Bakgrund,1981-10-14,NRM,Nej,SMABAT,Natfiske,FRYST
00104492,Horsan,C1981/03831,NMO,SJO-SOTV-RINN,Bakgrund,1981-09,NRM,Nej,SMABAT,Natfiske,FRYST
00104492,Horsan,C1981/03832,NMO,SJO-SOTV-RINN,Bakgrund,1981-09,NRM,Nej,SMABAT,Natfiske,FRYST
00104492,Horsan,C1981/03833,NMO,SJO-SOTV-RINN,Bakgrund,1981-09,NRM,Nej,SMABAT,Natfiske,FRYST
00104492,Horsan,C1981/03834,NMO,SJO-SOTV-RINN,Bakgrund,1981-09,NRM,Nej,SMABAT,Natfiske,FRYST
00104492,Horsan,C1981/03835,NMO,SJO-SOTV-RINN,Bakgrund,1981-09,NRM,Nej,SMABAT,Natfiske,FRYST
00104492,Horsan,C1981/03836,NMO,SJO-SOTV-RINN,Bakgrund,1981-09,NRM,Nej,SMABAT,Natfiske,FRYST
00104492,Horsan,C1981/03837,NMO,SJO-SOTV-RINN,Bakgrund,1981-09,NRM,Nej,SMABAT,Natfiske,FRYST
00104492,Horsan,C1981/03838,NMO,SJO-SOTV-RINN,Bakgrund,1981-09,NRM,Nej,SMABAT,Natfiske,FRYST
00104492,Horsan,C1981/03839,NMO,SJO-SOTV-RINN,Bakgrund,1981-09,NRM,Nej,SMABAT,Natfiske,FRYST
00104492,Horsan,C1981/03840,NMO,SJO-SOTV-RINN,Bakgrund,1981-09,NRM,Nej,SMABAT,Natfiske,FRYST
00103839,Bolmen,C81/,NMO,SJO-SOTV-RINN,Bakgrund,1981-04,NRM,Nej,SMABAT,Natfiske,FRYST
00105985,Storvindeln,C1981/03048-03057,NMO,SJO-SOTV-RINN,Bakgrund,1981-05-07,NRM,Nej,SMABAT,Natfiske,FRYST
00103839,Bolmen,C1981/03945,NMO,SJO-SOTV-RINN,Bakgrund,1981-04,NRM,Nej,SMABAT,Natfiske,FRYST
00103839,Bolmen,C1981/03945-03954,NMO,SJO-SOTV-RINN,Bakgrund,1981-04-07,NRM,Nej,SMABAT,Natfiske,FRYST
00103839,Bolmen,C1981/03946,NMO,SJO-SOTV-RINN,Bakgrund,1981-04,NRM,Nej,SMABAT,Natfiske,FRYST
00103839,Bolmen,C1981/03947,NMO,SJO-SOTV-RINN,Bakgrund,1981-04,NRM,Nej,SMABAT,Natfiske,FRYST
00104727,Krankesjön,C1983/03002,NMO,SJO-SOTV-RINN,Bakgrund,1982-10,NRM,Nej,SMABAT,Natfiske,FRYST
00104727,Krankesjön,C1983/03003,NMO,SJO-SOTV-RINN,Bakgrund,1982-10,NRM,Nej,SMABAT,Natfiske,FRYST
00104727,Krankesjön,C1983/03004,NMO,SJO-SOTV-RINN,Bakgrund,1982-10,NRM,Nej,SMABAT,Natfiske,FRYST
00104727,Krankesjön,C1983/03005,NMO,SJO-SOTV-RINN,Bakgrund,1982-10,NRM,Nej,SMABAT,Natfiske,FRYST
00104727,Krankesjön,C1983/03006,NMO,SJO-SOTV-RINN,Bakgrund,1982-10,NRM,Nej,SMABAT,Natfiske,FRYST
00104727,Krankesjön,C1983/03007,NMO,SJO-SOTV-RINN,Bakgrund,1982-10,NRM,Nej,SMABAT,Natfiske,FRYST
00104727,Krankesjön,C1983/03008,NMO,SJO-SOTV-RINN,Bakgrund,1982-10,NRM,Nej,SMABAT,Natfiske,FRYST
00104727,Krankesjön,C1983/03009,NMO,SJO-SOTV-RINN,Bakgrund,1982-10,NRM,Nej,SMABAT,Natfiske,FRYST
00104727,Krankesjön,C1983/03010,NMO,SJO-SOTV-RINN,Bakgrund,1982-10,NRM,Nej,SMABAT,Natfiske,FRYST
NA,NA,C1982/03848,NMO,SJO-SOTV-RINN,Bakgrund,1982-10-01,NRM,Nej,SMABAT,Natfiske,FRYST
NA,NA,C1982/03849,NMO,SJO-SOTV-RINN,Bakgrund,1982-10-01,NRM,Nej,SMABAT,Natfiske,FRYST
NA,NA,C1982/03850,NMO,SJO-SOTV-RINN,Bakgrund,1982-10-01,NRM,Nej,SMABAT,Natfiske,FRYST
NA,NA,C1982/03851,NMO,SJO-SOTV-RINN,Bakgrund,1982-10-01,NRM,Nej,SMABAT,Natfiske,FRYST
NA,NA,C1982/03852,NMO,SJO-SOTV-RINN,Bakgrund,1982-10-01,NRM,Nej,SMABAT,Natfiske,FRYST
NA,NA,C1982/03853,NMO,SJO-SOTV-RINN,Bakgrund,1982-10-01,NRM,Nej,SMABAT,Natfiske,FRYST
NA,NA,C1982/03854,NMO,SJO-SOTV-RINN,Bakgrund,1982-10-01,NRM,Nej,SMABAT,Natfiske,FRYST
NA,NA,C1982/03855,NMO,SJO-SOTV-RINN,Bakgrund,1982-10-01,NRM,Nej,SMABAT,Natfiske,FRYST
00103643,Abiskojaure,C1982/08339,NMO,SJO-SOTV-RINN,Bakgrund,1982-11-26,NRM,Nej,SMABAT,Natfiske,FRYST
00103643,Abiskojaure,C1982/08340,NMO,SJO-SOTV-RINN,Bakgrund,1982-11-26,NRM,Nej,SMABAT,Natfiske,FRYST
NA,NA,C1982/03142,NMO,SJO-SOTV-RINN,Bakgrund,1982-08-29,NRM,Nej,SMABAT,Natfiske,FRYST
NA,NA,C1982/03143,NMO,SJO-SOTV-RINN,Bakgrund,1982-08-29,NRM,Nej,SMABAT,Natfiske,FRYST
NA,NA,C1982/03144,NMO,SJO-SOTV-RINN,Bakgrund,1982-08-29,NRM,Nej,SMABAT,Natfiske,FRYST
NA,NA,C1982/03145,NMO,SJO-SOTV-RINN,Bakgrund,1982-08-29,NRM,Nej,SMABAT,Natfiske,FRYST
NA,NA,C1982/03146,NMO,SJO-SOTV-RINN,Bakgrund,1982-08-29,NRM,Nej,SMABAT,Natfiske,FRYST
NA,NA,C1982/03147,NMO,SJO-SOTV-RINN,Bakgrund,1982-08-29,NRM,Nej,SMABAT,Natfiske,FRYST
NA,NA,C1982/03148,NMO,SJO-SOTV-RINN,Bakgrund,1982-08-29,NRM,Nej,SMABAT,Natfiske,FRYST
NA,NA,C1982/03149,NMO,SJO-SOTV-RINN,Bakgrund,1982-08-29,NRM,Nej,SMABAT,Natfiske,FRYST
NA,NA,C1982/03150,NMO,SJO-SOTV-RINN,Bakgrund,1982-08-29,NRM,Nej,SMABAT,Natfiske,FRYST
NA,NA,C1982/03151,NMO,SJO-SOTV-RINN,Bakgrund,1982-08-29,NRM,Nej,SMABAT,Natfiske,FRYST
00103643,Abiskojaure,C1982/08341,NMO,SJO-SOTV-RINN,Bakgrund,1982-11-26,NRM,Nej,SMABAT,Natfiske,FRYST
00103643,Abiskojaure,C1982/08342,NMO,SJO-SOTV-RINN,Bakgrund,1982-11-26,NRM,Nej,SMABAT,Natfiske,FRYST
00103643,Abiskojaure,C1982/08333,NMO,SJO-SOTV-RINN,Bakgrund,1982-11-26,NRM,Nej,SMABAT,Natfiske,FRYST
00103643,Abiskojaure,C1982/08334,NMO,SJO-SOTV-RINN,Bakgrund,1982-11-26,NRM,Nej,SMABAT,Natfiske,FRYST
00103643,Abiskojaure,C1982/08335,NMO,SJO-SOTV-RINN,Bakgrund,1982-11-26,NRM,Nej,SMABAT,Natfiske,FRYST
00103643,Abiskojaure,C1982/08336,NMO,SJO-SOTV-RINN,Bakgrund,1982-11-26,NRM,Nej,SMABAT,Natfiske,FRYST
00103643,Abiskojaure,C1982/08337,NMO,SJO-SOTV-RINN,Bakgrund,1982-11-26,NRM,Nej,SMABAT,Natfiske,FRYST
00103643,Abiskojaure,C1982/08338,NMO,SJO-SOTV-RINN,Bakgrund,1982-11-26,NRM,Nej,SMABAT,Natfiske,FRYST
00103839,Bolmen,C82/,NMO,SJO-SOTV-RINN,Bakgrund,1982-05-22,NRM,Nej,SMABAT,Natfiske,FRYST
00103839,Bolmen,C1982/03115,NMO,SJO-SOTV-RINN,Bakgrund,1982-05-22,NRM,Nej,SMABAT,Natfiske,FRYST
00103839,Bolmen,C1982/03116,NMO,SJO-SOTV-RINN,Bakgrund,1982-05-24,NRM,Nej,SMABAT,Natfiske,FRYST
00103839,Bolmen,C1982/03117,NMO,SJO-SOTV-RINN,Bakgrund,1982-05,NRM,Nej,SMABAT,Natfiske,FRYST
00103839,Bolmen,C1982/03118,NMO,SJO-SOTV-RINN,Bakgrund,1982-05,NRM,Nej,SMABAT,Natfiske,FRYST
00103839,Bolmen,C1982/03119,NMO,SJO-SOTV-RINN,Bakgrund,1982-05,NRM,Nej,SMABAT,Natfiske,FRYST
00103839,Bolmen,C1982/03120,NMO,SJO-SOTV-RINN,Bakgrund,1982-05,NRM,Nej,SMABAT,Natfiske,FRYST
00103839,Bolmen,C1982/03121,NMO,SJO-SOTV-RINN,Bakgrund,1982-05,NRM,Nej,SMABAT,Natfiske,FRYST
00103839,Bolmen,C1982/03122,NMO,SJO-SOTV-RINN,Bakgrund,1982-05-22,NRM,Nej,SMABAT,Natfiske,FRYST
00103839,Bolmen,C1982/03123,NMO,SJO-SOTV-RINN,Bakgrund,1982-06-17,NRM,Nej,SMABAT,Natfiske,FRYST
00104492,Horsan,C1982/04429,NMO,SJO-SOTV-RINN,Bakgrund,1982-09,NRM,Nej,SMABAT,Natfiske,FRYST
00104492,Horsan,C1982/04430,NMO,SJO-SOTV-RINN,Bakgrund,1982-09,NRM,Nej,SMABAT,Natfiske,FRYST
00104492,Horsan,C1982/04431,NMO,SJO-SOTV-RINN,Bakgrund,1982-09,NRM,Nej,SMABAT,Natfiske,FRYST
00105667,Skärgölen,C1982/03652,NMO,SJO-SOTV-RINN,Bakgrund,1982-09-13,NRM,Nej,SMABAT,Natfiske,FRYST
00105667,Skärgölen,C1982/03653,NMO,SJO-SOTV-RINN,Bakgrund,1982-09-13,NRM,Nej,SMABAT,Natfiske,FRYST
00105667,Skärgölen,C1982/03654,NMO,SJO-SOTV-RINN,Bakgrund,1982-09-13,NRM,Nej,SMABAT,Natfiske,FRYST
00105667,Skärgölen,C1982/03655,NMO,SJO-SOTV-RINN,Bakgrund,1982-09-13,NRM,Nej,SMABAT,Natfiske,FRYST
00105667,Skärgölen,C1982/03656,NMO,SJO-SOTV-RINN,Bakgrund,1982-09-13,NRM,Nej,SMABAT,Natfiske,FRYST
00105667,Skärgölen,C1982/03657,NMO,SJO-SOTV-RINN,Bakgrund,1982-09-12,NRM,Nej,SMABAT,Natfiske,FRYST
00105667,Skärgölen,C1982/03658,NMO,SJO-SOTV-RINN,Bakgrund,1982-09-12,NRM,Nej,SMABAT,Natfiske,FRYST
00105667,Skärgölen,C1982/03659,NMO,SJO-SOTV-RINN,Bakgrund,1982-09-12,NRM,Nej,SMABAT,Natfiske,FRYST
00105667,Skärgölen,C1982/03660,NMO,SJO-SOTV-RINN,Bakgrund,1982-09-12,NRM,Nej,SMABAT,Natfiske,FRYST
00105667,Skärgölen,C1982/03661,NMO,SJO-SOTV-RINN,Bakgrund,1982-09-12,NRM,Nej,SMABAT,Natfiske,FRYST
00105667,Skärgölen,C1982/03663,NMO,SJO-SOTV-RINN,Bakgrund,1982-09-15,NRM,Nej,SMABAT,Natfiske,FRYST
00105667,Skärgölen,C1982/03664,NMO,SJO-SOTV-RINN,Bakgrund,1982-09-15,NRM,Nej,SMABAT,Natfiske,FRYST
00105667,Skärgölen,C1982/03665,NMO,SJO-SOTV-RINN,Bakgrund,1982-09-15,NRM,Nej,SMABAT,Natfiske,FRYST
00105667,Skärgölen,C1982/03666,NMO,SJO-SOTV-RINN,Bakgrund,1982-09-15,NRM,Nej,SMABAT,Natfiske,FRYST
00105667,Skärgölen,C1982/03667,NMO,SJO-SOTV-RINN,Bakgrund,1982-09-15,NRM,Nej,SMABAT,Natfiske,FRYST
00105667,Skärgölen,C1982/03668,NMO,SJO-SOTV-RINN,Bakgrund,1982-09-15,NRM,Nej,SMABAT,Natfiske,FRYST
00105667,Skärgölen,C1982/03669,NMO,SJO-SOTV-RINN,Bakgrund,1982-09-15,NRM,Nej,SMABAT,Natfiske,FRYST
00105667,Skärgölen,C1982/03670,NMO,SJO-SOTV-RINN,Bakgrund,1982-09-15,NRM,Nej,SMABAT,Natfiske,FRYST
00105667,Skärgölen,C1982/03671,NMO,SJO-SOTV-RINN,Bakgrund,1982-09-15,NRM,Nej,SMABAT,Natfiske,FRYST
00105667,Skärgölen,C1982/03672,NMO,SJO-SOTV-RINN,Bakgrund,1982-09-15,NRM,Nej,SMABAT,Natfiske,FRYST
00105667,Skärgölen,C1982/03673,NMO,SJO-SOTV-RINN,Bakgrund,1982-09-15,NRM,Nej,SMABAT,Natfiske,FRYST
00105667,Skärgölen,C1982/03674,NMO,SJO-SOTV-RINN,Bakgrund,1982-09-15,NRM,Nej,SMABAT,Natfiske,FRYST
00105667,Skärgölen,C1982/03675,NMO,SJO-SOTV-RINN,Bakgrund,1982-09-15,NRM,Nej,SMABAT,Natfiske,FRYST
00105667,Skärgölen,C1982/03676,NMO,SJO-SOTV-RINN,Bakgrund,1982-09-15,NRM,Nej,SMABAT,Natfiske,FRYST
00105667,Skärgölen,C1982/03677,NMO,SJO-SOTV-RINN,Bakgrund,1982-09-15,NRM,Nej,SMABAT,Natfiske,FRYST
00104492,Horsan,C1982/04432,NMO,SJO-SOTV-RINN,Bakgrund,1982-09,NRM,Nej,SMABAT,Natfiske,FRYST
00104492,Horsan,C1982/04433,NMO,SJO-SOTV-RINN,Bakgrund,1982-09,NRM,Nej,SMABAT,Natfiske,FRYST
00104492,Horsan,C1982/04434,NMO,SJO-SOTV-RINN,Bakgrund,1982-09,NRM,Nej,SMABAT,Natfiske,FRYST
00104492,Horsan,C1982/04435,NMO,SJO-SOTV-RINN,Bakgrund,1982-09,NRM,Nej,SMABAT,Natfiske,FRYST
00104492,Horsan,C1982/04436,NMO,SJO-SOTV-RINN,Bakgrund,1982-09,NRM,Nej,SMABAT,Natfiske,FRYST
00104492,Horsan,C1982/04437,NMO,SJO-SOTV-RINN,Bakgrund,1982-09,NRM,Nej,SMABAT,Natfiske,FRYST
00104492,Horsan,C1982/04438,NMO,SJO-SOTV-RINN,Bakgrund,1982-09,NRM,Nej,SMABAT,Natfiske,FRYST
00103839,Bolmen,C1982/03124,NMO,SJO-SOTV-RINN,Bakgrund,1982-06-19,NRM,Nej,SMABAT,Natfiske,FRYST
00103839,Bolmen,C1982/03125,NMO,SJO-SOTV-RINN,Bakgrund,1982-05-22,NRM,Nej,SMABAT,Natfiske,FRYST
00105985,Storvindeln,C1982/03100,NMO,SJO-SOTV-RINN,Bakgrund,1982-05-21,NRM,Nej,SMABAT,Natfiske,FRYST
00105985,Storvindeln,C1982/03101,NMO,SJO-SOTV-RINN,Bakgrund,1982-05-22,NRM,Nej,SMABAT,Natfiske,FRYST
00105985,Storvindeln,C1982/03102,NMO,SJO-SOTV-RINN,Bakgrund,1982-05-19,NRM,Nej,SMABAT,Natfiske,FRYST
00105985,Storvindeln,C1982/03103,NMO,SJO-SOTV-RINN,Bakgrund,1982-05-20,NRM,Nej,SMABAT,Natfiske,FRYST
00105985,Storvindeln,C1982/03104,NMO,SJO-SOTV-RINN,Bakgrund,1982-05-22,NRM,Nej,SMABAT,Natfiske,FRYST
00105985,Storvindeln,C1982/03105,NMO,SJO-SOTV-RINN,Bakgrund,1982-05-20,NRM,Nej,SMABAT,Natfiske,FRYST
00105985,Storvindeln,C1982/03106,NMO,SJO-SOTV-RINN,Bakgrund,1982-05-19,NRM,Nej,SMABAT,Natfiske,FRYST
00105985,Storvindeln,C1982/03107,NMO,SJO-SOTV-RINN,Bakgrund,1982-05-21,NRM,Nej,SMABAT,Natfiske,FRYST
00105985,Storvindeln,C1982/03108,NMO,SJO-SOTV-RINN,Bakgrund,1982-05-21,NRM,Nej,SMABAT,Natfiske,FRYST
00105985,Storvindeln,C1982/03109,NMO,SJO-SOTV-RINN,Bakgrund,1982-05-19,NRM,Nej,SMABAT,Natfiske,FRYST
00105985,Storvindeln,C1982/03110,NMO,SJO-SOTV-RINN,Bakgrund,1982-05-19,NRM,Nej,SMABAT,Natfiske,FRYST
00105985,Storvindeln,C1982/03111,NMO,SJO-SOTV-RINN,Bakgrund,1982-05-19,NRM,Nej,SMABAT,Natfiske,FRYST
00105985,Storvindeln,C1982/03112,NMO,SJO-SOTV-RINN,Bakgrund,1982-05-21,NRM,Nej,SMABAT,Natfiske,FRYST
00105985,Storvindeln,C1982/03113,NMO,SJO-SOTV-RINN,Bakgrund,1982-05-20,NRM,Nej,SMABAT,Natfiske,FRYST
00105985,Storvindeln,C1982/03114,NMO,SJO-SOTV-RINN,Bakgrund,1982-05-20,NRM,Nej,SMABAT,Natfiske,FRYST
00106042,Svartsjön,C1982/04756,NMO,SJO-SOTV-RINN,Bakgrund,1982-10-27,NRM,Nej,SMABAT,Natfiske,FRYST
00106042,Svartsjön,C1982/04757,NMO,SJO-SOTV-RINN,Bakgrund,1982-10-27,NRM,Nej,SMABAT,Natfiske,FRYST
00106042,Svartsjön,C1982/04758,NMO,SJO-SOTV-RINN,Bakgrund,1982-10-27,NRM,Nej,SMABAT,Natfiske,FRYST
00106042,Svartsjön,C1982/04759,NMO,SJO-SOTV-RINN,Bakgrund,1982-10-27,NRM,Nej,SMABAT,Natfiske,FRYST
00106042,Svartsjön,C1982/04760,NMO,SJO-SOTV-RINN,Bakgrund,1982-10-27,NRM,Nej,SMABAT,Natfiske,FRYST
00106042,Svartsjön,C1982/04761,NMO,SJO-SOTV-RINN,Bakgrund,1982-10-27,NRM,Nej,SMABAT,Natfiske,FRYST
00106042,Svartsjön,C1982/04762,NMO,SJO-SOTV-RINN,Bakgrund,1982-10-27,NRM,Nej,SMABAT,Natfiske,FRYST
00106042,Svartsjön,C1982/04763,NMO,SJO-SOTV-RINN,Bakgrund,1982-10-27,NRM,Nej,SMABAT,Natfiske,FRYST
00106042,Svartsjön,C1982/04764,NMO,SJO-SOTV-RINN,Bakgrund,1982-10-27,NRM,Nej,SMABAT,Natfiske,FRYST
00106042,Svartsjön,C1982/04765,NMO,SJO-SOTV-RINN,Bakgrund,1982-10-27,NRM,Nej,SMABAT,Natfiske,FRYST
00105971,Stor-Tjulträsket,C1982/03792,NMO,SJO-SOTV-RINN,Bakgrund,1982-09-21,NRM,Nej,SMABAT,Natfiske,FRYST
00105971,Stor-Tjulträsket,C1982/03793,NMO,SJO-SOTV-RINN,Bakgrund,1982-09-21,NRM,Nej,SMABAT,Natfiske,FRYST
00105971,Stor-Tjulträsket,C1982/03794,NMO,SJO-SOTV-RINN,Bakgrund,1982-09-21,NRM,Nej,SMABAT,Natfiske,FRYST
00105971,Stor-Tjulträsket,C1982/03795,NMO,SJO-SOTV-RINN,Bakgrund,1982-09-21,NRM,Nej,SMABAT,Natfiske,FRYST
00105971,Stor-Tjulträsket,C1982/03796,NMO,SJO-SOTV-RINN,Bakgrund,1982-09-21,NRM,Nej,SMABAT,Natfiske,FRYST
00105971,Stor-Tjulträsket,C1982/03797,NMO,SJO-SOTV-RINN,Bakgrund,1982-09-21,NRM,Nej,SMABAT,Natfiske,FRYST
00105971,Stor-Tjulträsket,C1982/03798,NMO,SJO-SOTV-RINN,Bakgrund,1982-09-21,NRM,Nej,SMABAT,Natfiske,FRYST
00105971,Stor-Tjulträsket,C1982/03799,NMO,SJO-SOTV-RINN,Bakgrund,1982-09-21,NRM,Nej,SMABAT,Natfiske,FRYST
00105971,Stor-Tjulträsket,C1982/03800,NMO,SJO-SOTV-RINN,Bakgrund,1982-09-21,NRM,Nej,SMABAT,Natfiske,FRYST
00105971,Stor-Tjulträsket,C1982/03801,NMO,SJO-SOTV-RINN,Bakgrund,1982-09-21,NRM,Nej,SMABAT,Natfiske,FRYST
00103839,Bolmen,C1982/03126,NMO,SJO-SOTV-RINN,Bakgrund,1982-06-21,NRM,Nej,SMABAT,Natfiske,FRYST
00103839,Bolmen,C1982/03127,NMO,SJO-SOTV-RINN,Bakgrund,1982-06-19,NRM,Nej,SMABAT,Natfiske,FRYST
00103839,Bolmen,C1982/03128,NMO,SJO-SOTV-RINN,Bakgrund,1982-05-22,NRM,Nej,SMABAT,Natfiske,FRYST
00103839,Bolmen,C1982/03129,NMO,SJO-SOTV-RINN,Bakgrund,1982-05-29,NRM,Nej,SMABAT,Natfiske,FRYST
00103839,Bolmen,C1982/03130,NMO,SJO-SOTV-RINN,Bakgrund,1982-05-20,NRM,Nej,SMABAT,Natfiske,FRYST
00103839,Bolmen,C1982/03131,NMO,SJO-SOTV-RINN,Bakgrund,1982-06-26,NRM,Nej,SMABAT,Natfiske,FRYST
00103839,Bolmen,C1982/03132,NMO,SJO-SOTV-RINN,Bakgrund,1982-05,NRM,Nej,SMABAT,Natfiske,FRYST
00103839,Bolmen,C1982/03133,NMO,SJO-SOTV-RINN,Bakgrund,1982-05,NRM,Nej,SMABAT,Natfiske,FRYST
00103839,Bolmen,C1982/03134,NMO,SJO-SOTV-RINN,Bakgrund,1982-05-29,NRM,Nej,SMABAT,Natfiske,FRYST
00103839,Bolmen,C1982/03135,NMO,SJO-SOTV-RINN,Bakgrund,1982-06-23,NRM,Nej,SMABAT,Natfiske,FRYST
00103839,Bolmen,C1982/03136,NMO,SJO-SOTV-RINN,Bakgrund,1982-06-23,NRM,Nej,SMABAT,Natfiske,FRYST
00103839,Bolmen,C1982/03137,NMO,SJO-SOTV-RINN,Bakgrund,1982-06-13,NRM,Nej,SMABAT,Natfiske,FRYST
00103839,Bolmen,C1982/03138,NMO,SJO-SOTV-RINN,Bakgrund,1982-06-13,NRM,Nej,SMABAT,Natfiske,FRYST
00103839,Bolmen,C1982/03139,NMO,SJO-SOTV-RINN,Bakgrund,1982-06-13,NRM,Nej,SMABAT,Natfiske,FRYST
00103839,Bolmen,C1982/03140,NMO,SJO-SOTV-RINN,Bakgrund,1982-06-24,NRM,Nej,SMABAT,Natfiske,FRYST
00105985,Storvindeln,C1982/03100-03109,NMO,SJO-SOTV-RINN,Bakgrund,1982-05-19,NRM,Nej,SMABAT,Natfiske,FRYST
00103839,Bolmen,C1982/03141,NMO,SJO-SOTV-RINN,Bakgrund,1982-06-24,NRM,Nej,SMABAT,Natfiske,FRYST
NA,NA,C1982/03846,NMO,SJO-SOTV-RINN,Bakgrund,1982-10-01,NRM,Nej,SMABAT,Natfiske,FRYST
NA,NA,C1982/03847,NMO,SJO-SOTV-RINN,Bakgrund,1982-10-01,NRM,Nej,SMABAT,Natfiske,FRYST
00104727,Krankesjön,C1983/03001,NMO,SJO-SOTV-RINN,Bakgrund,1982-10,NRM,Nej,SMABAT,Natfiske,FRYST
